ADDR_NUM,FULL_STR,MBL,ADDRESS_FOR_STREET_VIEW,AERIAL_Driveway,GSV_Driveway,final_label,aerial_filename,gsv_filename
5,DOUGLAS AVE,47-G-17,"5  DOUGLAS AVE, SOMERVILLE, MA",2.0,0.0,0.1,5_DOUGLAS_AVE_aerial.png,5_DOUGLAS_AVE.jpg
6,HILLSIDE CIR,38-A-47,"6  HILLSIDE CIR, SOMERVILLE, MA",1.0,2.0,0.9,6_HILLSIDE_CIR_aerial.png,6_HILLSIDE_CIR.jpg
8,BELMONT PL,44-A-48,"8  BELMONT PL, SOMERVILLE, MA",2.0,2.0,0.5,8_BELMONT_PL_aerial.png,8_BELMONT_PL.jpg
8,DRESDEN CIR,25-A-13,"8  DRESDEN CIR, SOMERVILLE, MA",2.0,2.0,0.5,8_DRESDEN_CIR_aerial.png,8_DRESDEN_CIR.jpg
8,HAWTHORNE ST,25-D-16,"8  HAWTHORNE ST, SOMERVILLE, MA",0.0,2.0,0.1,8_HAWTHORNE_ST_aerial.png,8_HAWTHORNE_ST.jpg
9,HERSEY ST,51-D-1,"9  HERSEY ST, SOMERVILLE, MA",2.0,2.0,0.5,9_HERSEY_ST_aerial.png,9_HERSEY_ST.jpg
9,PARKDALE ST,65-C-6,"9  PARKDALE ST, SOMERVILLE, MA",2.0,2.0,0.5,9_PARKDALE_ST_aerial.png,9_PARKDALE_ST.jpg
14,MANSFIELD ST,81-B-16,"14  MANSFIELD ST, SOMERVILLE, MA",2.0,2.0,0.5,14_MANSFIELD_ST_aerial.png,14_MANSFIELD_ST.jpg
33,BEACON ST,76-A-19,"33  BEACON ST, SOMERVILLE, MA",2.0,2.0,0.5,33_BEACON_ST_aerial.png,33_BEACON_ST.jpg
35,PUTNAM ST,62-C-17,"35  PUTNAM ST, SOMERVILLE, MA",2.0,2.0,0.5,35_PUTNAM_ST_aerial.png,35_PUTNAM_ST.jpg
40,KIDDER AVE,20-G-16,"40  KIDDER AVE, SOMERVILLE, MA",2.0,2.0,0.5,40_KIDDER_AVE_aerial.png,40_KIDDER_AVE.jpg
43,HANCOCK ST,30-D-39,"43  HANCOCK ST, SOMERVILLE, MA",2.0,2.0,0.5,43_HANCOCK_ST_aerial.png,43_HANCOCK_ST.jpg
49,ROSELAND ST,31-B-2,"49  ROSELAND ST, SOMERVILLE, MA",2.0,2.0,0.5,49_ROSELAND_ST_aerial.png,49_ROSELAND_ST.jpg
61,HALL AVE,20-B-20,"61  HALL AVE, SOMERVILLE, MA",2.0,2.0,0.5,61_HALL_AVE_aerial.png,61_HALL_AVE.jpg
70,HOWARD ST,17-A-61,"70  HOWARD ST, SOMERVILLE, MA",2.0,2.0,0.5,70_HOWARD_ST_aerial.png,70_HOWARD_ST.jpg
71,PROSPECT ST,83-A-26,"71  PROSPECT ST, SOMERVILLE, MA",2.0,2.0,0.5,71_PROSPECT_ST_aerial.png,71_PROSPECT_ST.jpg
74,HUDSON ST,42-F-7,"74  HUDSON ST, SOMERVILLE, MA",2.0,2.0,0.5,74_HUDSON_ST_aerial.png,74_HUDSON_ST.jpg
77,BARTLETT ST,40-E-24,"77  BARTLETT ST, SOMERVILLE, MA",2.0,2.0,0.5,77_BARTLETT_ST_aerial.png,77_BARTLETT_ST.jpg
81,JAQUES ST,57-A-12,"81  JAQUES ST, SOMERVILLE, MA",2.0,2.0,0.5,81_JAQUES_ST_aerial.png,81_JAQUES_ST.jpg
82,HIGHLAND AVE,62-B-25,"82  HIGHLAND AVE, SOMERVILLE, MA",2.0,2.0,0.5,82_HIGHLAND_AVE_aerial.png,82_HIGHLAND_AVE.jpg
107,GOVERNOR WINTHROP RD,56-C-1,"107  GOVERNOR WINTHROP RD, SOMERVILLE, MA",2.0,2.0,0.5,107_GOVERNOR_WINTHROP_RD_aerial.png,107_GOVERNOR_WINTHROP_RD.jpg
119,YORKTOWN ST,13-A-45,"119 YORKTOWN ST, SOMERVILLE, MA",2.0,2.0,0.5,119_YORKTOWN_ST_aerial.png,119_YORKTOWN_ST.jpg
141,CAPEN ST,2-A-18,"141  CAPEN ST, SOMERVILLE, MA",2.0,2.0,0.5,141_CAPEN_ST_aerial.png,141_CAPEN_ST.jpg
154,WILLOW AVE,24-B-3,"154  WILLOW AVE, SOMERVILLE, MA",2.0,2.0,0.5,154_WILLOW_AVE_aerial.png,154_WILLOW_AVE.jpg
187,BOSTON AVE,1-E-9,"187  BOSTON AVE, SOMERVILLE, MA",2.0,2.0,0.5,187_BOSTON_AVE_aerial.png,187_BOSTON_AVE.jpg
365,WASHINGTON ST,64-C-21,"365  WASHINGTON ST, SOMERVILLE, MA",2.0,2.0,0.5,365_WASHINGTON_ST_aerial.png,365_WASHINGTON_ST.jpg
420,MEDFORD ST,49-C-1,"420  MEDFORD ST, SOMERVILLE, MA",2.0,2.0,0.5,420_MEDFORD_ST_aerial.png,420_MEDFORD_ST.jpg
123-125,WEST ADAMS ST,7-K-9,"123-125  WEST ADAMS ST, SOMERVILLE, MA",2.0,2.0,0.5,123-125_WEST_ADAMS_ST_aerial.png,123-125_WEST_ADAMS_ST.jpg
13-15,TALBOT AVE,14-D-6,"13-15  TALBOT AVE, SOMERVILLE, MA",2.0,2.0,0.5,13-15_TALBOT_AVE_aerial.png,13-15_TALBOT_AVE.jpg
25-27,WOODBINE ST,42-B-6,"25-27  WOODBINE ST, SOMERVILLE, MA",2.0,2.0,0.5,25-27_WOODBINE_ST_aerial.png,25-27_WOODBINE_ST.jpg
26-28,PINCKNEY ST,105-B-8,"26-28  PINCKNEY ST, SOMERVILLE, MA",2.0,2.0,0.5,26-28_PINCKNEY_ST_aerial.png,26-28_PINCKNEY_ST.jpg
1,THURSTON ST,50-A-9,"1  THURSTON ST, SOMERVILLE, MA",1.0,2.0,0.9,1_THURSTON_ST_aerial.png,1_THURSTON_ST.jpg
3,DANE ST,53-B-8,"3  DANE ST, SOMERVILLE, MA",1.0,2.0,0.9,3_DANE_ST_aerial.png,3_DANE_ST.jpg
7,BECKWITH CIRCLE,39-D-12,"7  BECKWITH CIRCLE, SOMERVILLE, MA",1.0,2.0,0.9,7_BECKWITH_CIRCLE_aerial.png,7_BECKWITH_CIRCLE.jpg
8,BEACON TERR,31-C-32,"8  BEACON TERR, SOMERVILLE, MA",1.0,2.0,0.9,8_BEACON_TERR_aerial.png,8_BEACON_TERR.jpg
8,GILMAN ST,92-J-10,"8  GILMAN ST, SOMERVILLE, MA",1.0,2.0,0.9,8_GILMAN_ST_aerial.png,8_GILMAN_ST.jpg
9,OLIVE AVE,36-C-3,"9  OLIVE AVE, SOMERVILLE, MA",1.0,2.0,0.9,9_OLIVE_AVE_aerial.png,9_OLIVE_AVE.jpg
10,ARLINGTON ST,91-E-7,"10  ARLINGTON ST, SOMERVILLE, MA",1.0,2.0,0.9,10_ARLINGTON_ST_aerial.png,10_ARLINGTON_ST.jpg
10,AVON ST,51-F-21,"10  AVON ST, SOMERVILLE, MA",1.0,2.0,0.9,10_AVON_ST_aerial.png,10_AVON_ST.jpg
16,WINTER HILL CIR,58-D-21,"16  WINTER HILL CIR, SOMERVILLE, MA",1.0,2.0,0.9,16_WINTER_HILL_CIR_aerial.png,16_WINTER_HILL_CIR.jpg
17,DICKSON ST,8-E-11,"17  DICKSON ST, SOMERVILLE, MA",1.0,2.0,0.9,17_DICKSON_ST_aerial.png,17_DICKSON_ST.jpg
18,CHERRY ST,30-D-14,"18  CHERRY ST, SOMERVILLE, MA",1.0,2.0,0.9,18_CHERRY_ST_aerial.png,18_CHERRY_ST.jpg
18,KENWOOD ST,15-E-13,"18  KENWOOD ST, SOMERVILLE, MA",1.0,2.0,0.9,18_KENWOOD_ST_aerial.png,18_KENWOOD_ST.jpg
20,HAMILTON RD,8-J-34,"20  HAMILTON RD, SOMERVILLE, MA",1.0,2.0,0.9,20_HAMILTON_RD_aerial.png,20_HAMILTON_RD.jpg
21,HANCOCK ST,30-D-31,"21  HANCOCK ST, SOMERVILLE, MA",1.0,2.0,0.9,21_HANCOCK_ST_aerial.png,21_HANCOCK_ST.jpg
27,ELSTON ST,25-F-17,"27  ELSTON ST, SOMERVILLE, MA",1.0,2.0,0.9,27_ELSTON_ST_aerial.png,27_ELSTON_ST.jpg
29,PACKARD AVE,11-D-1,"29  PACKARD AVE, SOMERVILLE, MA",1.0,2.0,0.9,29_PACKARD_AVE_aerial.png,29_PACKARD_AVE.jpg
30,WESLEY ST,78-F-4,"30  WESLEY ST, SOMERVILLE, MA",1.0,2.0,0.9,30_WESLEY_ST_aerial.png,30_WESLEY_ST.jpg
35,PINCKNEY ST,105-C-37,"35  PINCKNEY ST, SOMERVILLE, MA",1.0,2.0,0.9,35_PINCKNEY_ST_aerial.png,35_PINCKNEY_ST.jpg
36,CHERRY ST,30-D-7,"36  CHERRY ST, SOMERVILLE, MA",1.0,2.0,0.9,36_CHERRY_ST_aerial.png,36_CHERRY_ST.jpg
39,FLINT ST,92-D-10,"39  FLINT ST, SOMERVILLE, MA",1.0,2.0,0.9,39_FLINT_ST_aerial.png,39_FLINT_ST.jpg
39,ILLINOIS AVE,89-G-1,"39  ILLINOIS AVE, SOMERVILLE, MA",1.0,2.0,0.9,39_ILLINOIS_AVE_aerial.png,39_ILLINOIS_AVE.jpg
39,PACKARD AVE,11-C-27,"39  PACKARD AVE, SOMERVILLE, MA",1.0,2.0,0.9,39_PACKARD_AVE_aerial.png,39_PACKARD_AVE.jpg
40,MORELAND ST,47-B-5,"40  MORELAND ST, SOMERVILLE, MA",1.0,2.0,0.9,40_MORELAND_ST_aerial.png,40_MORELAND_ST.jpg
43,PACKARD AVE,11-C-28,"43  PACKARD AVE, SOMERVILLE, MA",1.0,2.0,0.9,43_PACKARD_AVE_aerial.png,43_PACKARD_AVE.jpg
52,FRANKLIN ST,104-D-19,"52  FRANKLIN ST, SOMERVILLE, MA",1.0,2.0,0.9,52_FRANKLIN_ST_aerial.png,52_FRANKLIN_ST.jpg
55,MARSHALL ST,60-C-16,"55  MARSHALL ST, SOMERVILLE, MA",1.0,2.0,0.9,55_MARSHALL_ST_aerial.png,55_MARSHALL_ST.jpg
58,BENTON RD,43-C-4,"58  BENTON RD, SOMERVILLE, MA",1.0,2.0,0.9,58_BENTON_RD_aerial.png,58_BENTON_RD.jpg
60,BARTLETT ST,41-D-5,"60  BARTLETT ST, SOMERVILLE, MA",1.0,2.0,0.9,60_BARTLETT_ST_aerial.png,60_BARTLETT_ST.jpg
60,WILLOW AVE,25-D-20,"60  WILLOW AVE, SOMERVILLE, MA",1.0,2.0,0.9,60_WILLOW_AVE_aerial.png,60_WILLOW_AVE.jpg
63,FAIRFAX ST,3-D-41,"63  FAIRFAX ST, SOMERVILLE, MA",1.0,2.0,0.9,63_FAIRFAX_ST_aerial.png,63_FAIRFAX_ST.jpg
63,FRANKLIN ST,104-A-33,"63  FRANKLIN ST, SOMERVILLE, MA",1.0,2.0,0.9,63_FRANKLIN_ST_aerial.png,63_FRANKLIN_ST.jpg
64,RUSH ST,92-D-1,"64  RUSH ST, SOMERVILLE, MA",1.0,2.0,0.9,64_RUSH_ST_aerial.png,64_RUSH_ST.jpg
66,CENTRAL ST,43-E-13,"66  CENTRAL ST, SOMERVILLE, MA",1.0,2.0,0.9,66_CENTRAL_ST_aerial.png,66_CENTRAL_ST.jpg
67,THURSTON ST,59-A-16,"67  THURSTON ST, SOMERVILLE, MA",1.0,2.0,0.9,67_THURSTON_ST_aerial.png,67_THURSTON_ST.jpg
68,LINE ST,66-D-17,"68  LINE ST, SOMERVILLE, MA",1.0,2.0,0.9,68_LINE_ST_aerial.png,68_LINE_ST.jpg
69,LOWDEN AVE,23-B-13,"69  LOWDEN AVE, SOMERVILLE, MA",1.0,2.0,0.9,69_LOWDEN_AVE_aerial.png,69_LOWDEN_AVE.jpg
76,PROPERZI WAY,54-G-27,"76  PROPERZI WAY, SOMERVILLE, MA",1.0,2.0,0.9,76_PROPERZI_WAY_aerial.png,76_PROPERZI_WAY.jpg
90,VERNON ST,41-E-5,"90  VERNON ST, SOMERVILLE, MA",1.0,2.0,0.9,90_VERNON_ST_aerial.png,90_VERNON_ST.jpg
91,WALLACE ST,16-C-19,"91  WALLACE ST, SOMERVILLE, MA",1.0,2.0,0.9,91_WALLACE_ST_aerial.png,91_WALLACE_ST.jpg
97,PENNSYLVANIA AVE,89-D-8,"97  PENNSYLVANIA AVE, SOMERVILLE, MA",1.0,2.0,0.9,97_PENNSYLVANIA_AVE_aerial.png,97_PENNSYLVANIA_AVE.jpg
108,COLLEGE AVE,20-E-8,"108  COLLEGE AVE, SOMERVILLE, MA",1.0,2.0,0.9,108_COLLEGE_AVE_aerial.png,108_COLLEGE_AVE.jpg
117,LIBERTY AVE,20-B-24,"117  LIBERTY AVE, SOMERVILLE, MA",1.0,2.0,0.9,117_LIBERTY_AVE_aerial.png,117_LIBERTY_AVE.jpg
129,PENNSYLVANIA AVE,89-B-9,"129  PENNSYLVANIA AVE, SOMERVILLE, MA",1.0,2.0,0.9,129_PENNSYLVANIA_AVE_aerial.png,129_PENNSYLVANIA_AVE.jpg
326,BROADWAY,59-C-22,"326  BROADWAY, SOMERVILLE, MA",1.0,2.0,0.9,326_BROADWAY_aerial.png,326_BROADWAY.jpg
421,NORFOLK ST,96-D-4,"421  NORFOLK ST, SOMERVILLE, MA",1.0,2.0,0.9,421_NORFOLK_ST_aerial.png,421_NORFOLK_ST.jpg
969,BROADWAY,15-B-16,"969  BROADWAY, SOMERVILLE, MA",1.0,2.0,0.9,969_BROADWAY_aerial.png,969_BROADWAY.jpg
14-14,BOSTON ST,81-A-20,"14-14  BOSTON ST, SOMERVILLE, MA",1.0,2.0,0.9,14-14_BOSTON_ST_aerial.png,14-14_BOSTON_ST.jpg
26A,WESTON AVE,9-C-10,"26A  WESTON AVE, SOMERVILLE, MA",1.0,2.0,0.9,26A_WESTON_AVE_aerial.png,26A_WESTON_AVE.jpg
38-38,A CHANDLER ST,16-C-39,"38-38 A CHANDLER ST, SOMERVILLE, MA",1.0,2.0,0.9,38-38_A_CHANDLER_ST_aerial.png,38-38_A_CHANDLER_ST.jpg
41R,PEARL ST,103-G-10,"41R  PEARL ST, SOMERVILLE, MA",1.0,2.0,0.9,41R_PEARL_ST_aerial.png,41R_PEARL_ST.jpg
42-46,CRAIGIE ST,38-A-59,"42-46  CRAIGIE ST, SOMERVILLE, MA",1.0,2.0,0.9,42-46_CRAIGIE_ST_aerial.png,42-46_CRAIGIE_ST.jpg
28,LAUREL ST,52-H-24,"28  LAUREL ST, SOMERVILLE, MA",0.0,2.0,0.1,28_LAUREL_ST_aerial.png,28_LAUREL_ST.jpg
30,BEACON ST,76-F-13,"30  BEACON ST, SOMERVILLE, MA",0.0,2.0,0.1,30_BEACON_ST_aerial.png,30_BEACON_ST.jpg
58,BOW ST,74-C-1,"58  BOW ST, SOMERVILLE, MA",0.0,2.0,0.1,58_BOW_ST_aerial.png,58_BOW_ST.jpg
95,MOUNT VERNON ST,105-C-18,"95  MOUNT VERNON ST, SOMERVILLE, MA",0.0,2.0,0.1,95_MOUNT_VERNON_ST_aerial.png,95_MOUNT_VERNON_ST.jpg
96,SYCAMORE ST,48-E-9,"96  SYCAMORE ST, SOMERVILLE, MA",0.0,2.0,0.1,96_SYCAMORE_ST_aerial.png,96_SYCAMORE_ST.jpg
1,ESSEX ST,50-B-12,"1  ESSEX ST, SOMERVILLE, MA",2.0,1.0,0.9,1_ESSEX_ST_aerial.png,1_ESSEX_ST.jpg
1,PACKARD AVE,11-E-29,"1  PACKARD AVE, SOMERVILLE, MA",2.0,1.0,0.9,1_PACKARD_AVE_aerial.png,1_PACKARD_AVE.jpg
4,LINCOLN PL,103-A-16,"4  LINCOLN PL, SOMERVILLE, MA",2.0,1.0,0.9,4_LINCOLN_PL_aerial.png,4_LINCOLN_PL.jpg
6,FARRAGUT AVE,9-A-34,"6  FARRAGUT AVE, SOMERVILLE, MA",2.0,1.0,0.9,6_FARRAGUT_AVE_aerial.png,6_FARRAGUT_AVE.jpg
8,HOUGHTON ST,83-C-15,"8  HOUGHTON ST, SOMERVILLE, MA",2.0,1.0,0.9,8_HOUGHTON_ST_aerial.png,8_HOUGHTON_ST.jpg
8,WINDSOR RD,29-K-10,"8  WINDSOR RD, SOMERVILLE, MA",2.0,1.0,0.9,8_WINDSOR_RD_aerial.png,8_WINDSOR_RD.jpg
9,HARRISON ST,45-C-7,"9  HARRISON ST, SOMERVILLE, MA",2.0,1.0,0.9,9_HARRISON_ST_aerial.png,9_HARRISON_ST.jpg
16,CYPRESS ST,44-G-2,"16  CYPRESS ST, SOMERVILLE, MA",2.0,1.0,0.9,16_CYPRESS_ST_aerial.png,16_CYPRESS_ST.jpg
16,HAWKINS ST,74-D-11,"16  HAWKINS ST, SOMERVILLE, MA",2.0,1.0,0.9,16_HAWKINS_ST_aerial.png,16_HAWKINS_ST.jpg
16,MOORE ST,13-B-23,"16  MOORE ST, SOMERVILLE, MA",2.0,1.0,0.9,16_MOORE_ST_aerial.png,16_MOORE_ST.jpg
17,PEARSON AVE,28-E-22,"17  PEARSON AVE, SOMERVILLE, MA",2.0,1.0,0.9,17_PEARSON_AVE_aerial.png,17_PEARSON_AVE.jpg
17,WARE ST,8-B-11,"17  WARE ST, SOMERVILLE, MA",2.0,1.0,0.9,17_WARE_ST_aerial.png,17_WARE_ST.jpg
20,MAIN ST,47-I-10,"20  MAIN ST, SOMERVILLE, MA",2.0,1.0,0.9,20_MAIN_ST_aerial.png,20_MAIN_ST.jpg
22,KNAPP ST,52-E-2,"22  KNAPP ST, SOMERVILLE, MA",2.0,1.0,0.9,22_KNAPP_ST_aerial.png,22_KNAPP_ST.jpg
22,WHEATLAND ST,70-B-10,"22  WHEATLAND ST, SOMERVILLE, MA",2.0,1.0,0.9,22_WHEATLAND_ST_aerial.png,22_WHEATLAND_ST.jpg
23,BANKS ST,30-B-27,"23  BANKS ST, SOMERVILLE, MA",2.0,1.0,0.9,23_BANKS_ST_aerial.png,23_BANKS_ST.jpg
23,WESLEY PARK,73-A-37,"23  WESLEY PARK, SOMERVILLE, MA",2.0,1.0,0.9,23_WESLEY_PARK_aerial.png,23_WESLEY_PARK.jpg
27,DICKINSON ST,76-B-4,"27  DICKINSON ST, SOMERVILLE, MA",2.0,1.0,0.9,27_DICKINSON_ST_aerial.png,27_DICKINSON_ST.jpg
31,FRANKLIN ST,91-H-13,"31  FRANKLIN ST, SOMERVILLE, MA",2.0,1.0,0.9,31_FRANKLIN_ST_aerial.png,31_FRANKLIN_ST.jpg
32,MORELAND ST,47-B-8,"32  MORELAND ST, SOMERVILLE, MA",2.0,1.0,0.9,32_MORELAND_ST_aerial.png,32_MORELAND_ST.jpg
35,BARTLETT ST,49-I-17,"35  BARTLETT ST, SOMERVILLE, MA",2.0,1.0,0.9,35_BARTLETT_ST_aerial.png,35_BARTLETT_ST.jpg
36,ILLINOIS AVE,89-H-3,"36  ILLINOIS AVE, SOMERVILLE, MA",2.0,1.0,0.9,36_ILLINOIS_AVE_aerial.png,36_ILLINOIS_AVE.jpg
37,MAIN ST,47-H-14,"37  MAIN ST, SOMERVILLE, MA",2.0,1.0,0.9,37_MAIN_ST_aerial.png,37_MAIN_ST.jpg
40,WISCONSIN AVE,89-J-3,"40  WISCONSIN AVE, SOMERVILLE, MA",2.0,1.0,0.9,40_WISCONSIN_AVE_aerial.png,40_WISCONSIN_AVE.jpg
43,CEDAR ST,36-A-60,"43  CEDAR ST, SOMERVILLE, MA",2.0,1.0,0.9,43_CEDAR_ST_aerial.png,43_CEDAR_ST.jpg
44,BERKELEY ST,51-E-12,"44  BERKELEY ST, SOMERVILLE, MA",2.0,1.0,0.9,44_BERKELEY_ST_aerial.png,44_BERKELEY_ST.jpg
45,BELMONT ST,44-A-53,"45  BELMONT ST, SOMERVILLE, MA",2.0,1.0,0.9,45_BELMONT_ST_aerial.png,45_BELMONT_ST.jpg
45,HOUGHTON ST,83-A-57,"45  HOUGHTON ST, SOMERVILLE, MA",2.0,1.0,0.9,45_HOUGHTON_ST_aerial.png,45_HOUGHTON_ST.jpg
45,NEWBURY ST,9-D-16,"45  NEWBURY ST, SOMERVILLE, MA",2.0,1.0,0.9,45_NEWBURY_ST_aerial.png,45_NEWBURY_ST.jpg
47,LIBERTY AVE,20-G-9,"47  LIBERTY AVE, SOMERVILLE, MA",2.0,1.0,0.9,47_LIBERTY_AVE_aerial.png,47_LIBERTY_AVE.jpg
50,LINDEN AVE,36-A-7,"50  LINDEN AVE, SOMERVILLE, MA",2.0,1.0,0.9,50_LINDEN_AVE_aerial.png,50_LINDEN_AVE.jpg
50,MEACHAM RD,22-H-21,"50  MEACHAM RD, SOMERVILLE, MA",2.0,1.0,0.9,50_MEACHAM_RD_aerial.png,50_MEACHAM_RD.jpg
51,KENT ST,39-C-23,"51  KENT ST, SOMERVILLE, MA",2.0,1.0,0.9,51_KENT_ST_aerial.png,51_KENT_ST.jpg
56,HAWTHORNE ST,25-D-3,"56  HAWTHORNE ST, SOMERVILLE, MA",2.0,1.0,0.9,56_HAWTHORNE_ST_aerial.png,56_HAWTHORNE_ST.jpg
57,NEWBURY ST,9-D-20,"57  NEWBURY ST, SOMERVILLE, MA",2.0,1.0,0.9,57_NEWBURY_ST_aerial.png,57_NEWBURY_ST.jpg
59,GOVERNOR WINTHROP RD,68-D-28,"59  GOVERNOR WINTHROP RD, SOMERVILLE, MA",2.0,1.0,0.9,59_GOVERNOR_WINTHROP_RD_aerial.png,59_GOVERNOR_WINTHROP_RD.jpg
61,WINSLOW AVE,24-H-5,"61  WINSLOW AVE, SOMERVILLE, MA",2.0,1.0,0.9,61_WINSLOW_AVE_aerial.png,61_WINSLOW_AVE.jpg
62,GOVERNOR WINTHROP RD,68-C-1,"62  GOVERNOR WINTHROP RD, SOMERVILLE, MA",2.0,1.0,0.9,62_GOVERNOR_WINTHROP_RD_aerial.png,62_GOVERNOR_WINTHROP_RD.jpg
66,ROGERS AVE,27-J-19,"66  ROGERS AVE, SOMERVILLE, MA",2.0,1.0,0.9,66_ROGERS_AVE_aerial.png,66_ROGERS_AVE.jpg
67,WINSLOW AVE,24-H-7,"67  WINSLOW AVE, SOMERVILLE, MA",2.0,1.0,0.9,67_WINSLOW_AVE_aerial.png,67_WINSLOW_AVE.jpg
68,ELECTRIC AVE,11-F-2,"68  ELECTRIC AVE, SOMERVILLE, MA",2.0,1.0,0.9,68_ELECTRIC_AVE_aerial.png,68_ELECTRIC_AVE.jpg
74,BOSTON ST,80-F-6,"74  BOSTON ST, SOMERVILLE, MA",2.0,1.0,0.9,74_BOSTON_ST_aerial.png,74_BOSTON_ST.jpg
75,FREMONT ST,46-F-33,"75  FREMONT ST, SOMERVILLE, MA",2.0,1.0,0.9,75_FREMONT_ST_aerial.png,75_FREMONT_ST.jpg
78,JOSEPHINE AVE,27-K-21,"78  JOSEPHINE AVE, SOMERVILLE, MA",2.0,1.0,0.9,78_JOSEPHINE_AVE_aerial.png,78_JOSEPHINE_AVE.jpg
78,MORRISON AVE,28-J-9,"78  MORRISON AVE, SOMERVILLE, MA",2.0,1.0,0.9,78_MORRISON_AVE_aerial.png,78_MORRISON_AVE.jpg
78,YORKTOWN ST,13-E-22,"78 YORKTOWN ST, SOMERVILLE, MA",2.0,1.0,0.9,78_YORKTOWN_ST_aerial.png,78_YORKTOWN_ST.jpg
80,PARTRIDGE AVE,40-H-9,"80  PARTRIDGE AVE, SOMERVILLE, MA",2.0,1.0,0.9,80_PARTRIDGE_AVE_aerial.png,80_PARTRIDGE_AVE.jpg
80,VERNON ST,41-E-7,"80  VERNON ST, SOMERVILLE, MA",2.0,1.0,0.9,80_VERNON_ST_aerial.png,80_VERNON_ST.jpg
82,WHEATLAND ST,69-D-8,"82  WHEATLAND ST, SOMERVILLE, MA",2.0,1.0,0.9,82_WHEATLAND_ST_aerial.png,82_WHEATLAND_ST.jpg
86,PEARSON AVE,27-H-12,"86  PEARSON AVE, SOMERVILLE, MA",2.0,1.0,0.9,86_PEARSON_AVE_aerial.png,86_PEARSON_AVE.jpg
87,ORCHARD ST,26-I-18,"87  ORCHARD ST, SOMERVILLE, MA",2.0,1.0,0.9,87_ORCHARD_ST_aerial.png,87_ORCHARD_ST.jpg
90,ORCHARD ST,26-G-4,"90  ORCHARD ST, SOMERVILLE, MA",2.0,1.0,0.9,90_ORCHARD_ST_aerial.png,90_ORCHARD_ST.jpg
91,OXFORD ST,51-B-19,"91  OXFORD ST, SOMERVILLE, MA",2.0,1.0,0.9,91_OXFORD_ST_aerial.png,91_OXFORD_ST.jpg
91,PRENTISS ST,37-D-7,"91  PRENTISS ST, SOMERVILLE, MA",2.0,1.0,0.9,91_PRENTISS_ST_aerial.png,91_PRENTISS_ST.jpg
92,GLEN ST,104-C-3,"92  GLEN ST, SOMERVILLE, MA",2.0,1.0,0.9,92_GLEN_ST_aerial.png,92_GLEN_ST.jpg
101,PURITAN RD,56-B-28,"101  PURITAN RD, SOMERVILLE, MA",2.0,1.0,0.9,101_PURITAN_RD_aerial.png,101_PURITAN_RD.jpg
103,PEARSON AVE,27-G-26,"103  PEARSON AVE, SOMERVILLE, MA",2.0,1.0,0.9,103_PEARSON_AVE_aerial.png,103_PEARSON_AVE.jpg
105,WALNUT ST,79-H-1,"105  WALNUT ST, SOMERVILLE, MA",2.0,1.0,0.9,105_WALNUT_ST_aerial.png,105_WALNUT_ST.jpg
121,PEARSON RD,18-A-5,"121  PEARSON RD, SOMERVILLE, MA",2.0,1.0,0.9,121_PEARSON_RD_aerial.png,121_PEARSON_RD.jpg
122,ORCHARD ST,22-E-4,"122  ORCHARD ST, SOMERVILLE, MA",2.0,1.0,0.9,122_ORCHARD_ST_aerial.png,122_ORCHARD_ST.jpg
135,POWDER HOUSE BLVD,10-E-20,"135  POWDER HOUSE BLVD, SOMERVILLE, MA",2.0,1.0,0.9,135_POWDER_HOUSE_BLVD_aerial.png,135_POWDER_HOUSE_BLVD.jpg
155,COLLEGE AVE,18-C-36,"155  COLLEGE AVE, SOMERVILLE, MA",2.0,1.0,0.9,155_COLLEGE_AVE_aerial.png,155_COLLEGE_AVE.jpg
166,LOWELL ST,35-E-6,"166  LOWELL ST, SOMERVILLE, MA",2.0,1.0,0.9,166_LOWELL_ST_aerial.png,166_LOWELL_ST.jpg
168,WILLOW AVE,24-A-13,"168  WILLOW AVE, SOMERVILLE, MA",2.0,1.0,0.9,168_WILLOW_AVE_aerial.png,168_WILLOW_AVE.jpg
173,ALBION ST,34-C-62,"173 ALBION ST, SOMERVILLE, MA",2.0,1.0,0.9,173_ALBION_ST_aerial.png,173_ALBION_ST.jpg
174,MORRISON AVE,24-I-6,"174  MORRISON AVE, SOMERVILLE, MA",2.0,1.0,0.9,174_MORRISON_AVE_aerial.png,174_MORRISON_AVE.jpg
175,COLLEGE AVE,18-C-45,"175  COLLEGE AVE, SOMERVILLE, MA",2.0,1.0,0.9,175_COLLEGE_AVE_aerial.png,175_COLLEGE_AVE.jpg
193,CEDAR ST,33-G-1,"193  CEDAR ST, SOMERVILLE, MA",2.0,1.0,0.9,193_CEDAR_ST_aerial.png,193_CEDAR_ST.jpg
195,HIGHLAND AVE,42-F-24,"195  HIGHLAND AVE, SOMERVILLE, MA",2.0,1.0,0.9,195_HIGHLAND_AVE_aerial.png,195_HIGHLAND_AVE.jpg
206,LOWELL ST,34-D-37,"206  LOWELL ST, SOMERVILLE, MA",2.0,1.0,0.9,206_LOWELL_ST_aerial.png,206_LOWELL_ST.jpg
249,HIGHLAND AVE,34-E-51,"249  HIGHLAND AVE, SOMERVILLE, MA",2.0,1.0,0.9,249_HIGHLAND_AVE_aerial.png,249_HIGHLAND_AVE.jpg
379,HIGHLAND AVE,24-G-12,"379  HIGHLAND AVE, SOMERVILLE, MA",2.0,1.0,0.9,379_HIGHLAND_AVE_aerial.png,379_HIGHLAND_AVE.jpg
741,SOMERVILLE AVE,37-A-23,"741  SOMERVILLE AVE, SOMERVILLE, MA",2.0,1.0,0.9,741_SOMERVILLE_AVE_aerial.png,741_SOMERVILLE_AVE.jpg
942,BROADWAY,16-C-25,"942  BROADWAY, SOMERVILLE, MA",2.0,1.0,0.9,942_BROADWAY_aerial.png,942_BROADWAY.jpg
1063,BROADWAY,11-E-27,"1063  BROADWAY, SOMERVILLE, MA",2.0,1.0,0.9,1063_BROADWAY_aerial.png,1063_BROADWAY.jpg
1230,BROADWAY,9-A-3,"1230  BROADWAY, SOMERVILLE, MA",2.0,1.0,0.9,1230_BROADWAY_aerial.png,1230_BROADWAY.jpg
25-37,WOODBINE ST,42-B-4,"25-37  WOODBINE ST, SOMERVILLE, MA",2.0,1.0,0.9,25-37_WOODBINE_ST_aerial.png,25-37_WOODBINE_ST.jpg
2R,BENTON RD,43-C-18,"2R  BENTON RD, SOMERVILLE, MA",2.0,1.0,0.9,2R_BENTON_RD_aerial.png,2R_BENTON_RD.jpg
312R,BEACON ST,39-F-9,"312R  BEACON ST, SOMERVILLE, MA",2.0,1.0,0.9,312R_BEACON_ST_aerial.png,312R_BEACON_ST.jpg
31A,HOLYOKE RD,31-D-10,"31A  HOLYOKE RD, SOMERVILLE, MA",2.0,1.0,0.9,31A_HOLYOKE_RD_aerial.png,31A_HOLYOKE_RD.jpg
31C,HAROLD ST,65-E-27,"31C  HAROLD ST, SOMERVILLE, MA",2.0,1.0,0.9,31C_HAROLD_ST_aerial.png,31C_HAROLD_ST.jpg
39-41,GREENVILLE ST,80-G-4,"39-41  GREENVILLE ST, SOMERVILLE, MA",2.0,1.0,0.9,39-41_GREENVILLE_ST_aerial.png,39-41_GREENVILLE_ST.jpg
61-63,STERLING ST,3-E-36,"61-63  STERLING ST, SOMERVILLE, MA",2.0,1.0,0.9,61-63_STERLING_ST_aerial.png,61-63_STERLING_ST.jpg
1,WEBSTER ST,91-B-14,"1  WEBSTER ST, SOMERVILLE, MA",1.0,1.0,1.0,1_WEBSTER_ST_aerial.png,1_WEBSTER_ST.jpg
3,AVON ST,51-E-30,"3  AVON ST, SOMERVILLE, MA",1.0,1.0,1.0,3_AVON_ST_aerial.png,3_AVON_ST.jpg
5,CHESTER AVE,93-G-8,"5  CHESTER AVE, SOMERVILLE, MA",1.0,1.0,1.0,5_CHESTER_AVE_aerial.png,5_CHESTER_AVE.jpg
5,MINER ST,49-H-6,"5  MINER ST, SOMERVILLE, MA",1.0,1.0,1.0,5_MINER_ST_aerial.png,5_MINER_ST.jpg
5,MUNROE ST,80-C-6,"5  MUNROE ST, SOMERVILLE, MA",1.0,1.0,1.0,5_MUNROE_ST_aerial.png,5_MUNROE_ST.jpg
5,WINDSOR RD,29-L-14,"5  WINDSOR RD, SOMERVILLE, MA",1.0,1.0,1.0,5_WINDSOR_RD_aerial.png,5_WINDSOR_RD.jpg
5,ALBION ST,42-B-25,"5 ALBION ST, SOMERVILLE, MA",1.0,1.0,1.0,5_ALBION_ST_aerial.png,5_ALBION_ST.jpg
7,BARTON ST,8-H-13,"7  BARTON ST, SOMERVILLE, MA",1.0,1.0,1.0,7_BARTON_ST_aerial.png,7_BARTON_ST.jpg
7,BROOK ST,90-E-11,"7  BROOK ST, SOMERVILLE, MA",1.0,1.0,1.0,7_BROOK_ST_aerial.png,7_BROOK_ST.jpg
8,FAIRVIEW TERR,48-C-29,"8  FAIRVIEW TERR, SOMERVILLE, MA",1.0,1.0,1.0,8_FAIRVIEW_TERR_aerial.png,8_FAIRVIEW_TERR.jpg
8,NEVADA AVE,54-B-14,"8  NEVADA AVE, SOMERVILLE, MA",1.0,1.0,1.0,8_NEVADA_AVE_aerial.png,8_NEVADA_AVE.jpg
8,PLEASANT AVE,72-D-9,"8  PLEASANT AVE, SOMERVILLE, MA",1.0,1.0,1.0,8_PLEASANT_AVE_aerial.png,8_PLEASANT_AVE.jpg
9,CHESTER AVE,93-G-4,"9  CHESTER AVE, SOMERVILLE, MA",1.0,1.0,1.0,9_CHESTER_AVE_aerial.png,9_CHESTER_AVE.jpg
9,CREST HILL RD,55-D-11,"9  CREST HILL RD, SOMERVILLE, MA",1.0,1.0,1.0,9_CREST_HILL_RD_aerial.png,9_CREST_HILL_RD.jpg
9,MELVILLE RD,55-C-13,"9  MELVILLE RD, SOMERVILLE, MA",1.0,1.0,1.0,9_MELVILLE_RD_aerial.png,9_MELVILLE_RD.jpg
9,PINCKNEY ST,105-C-22,"9  PINCKNEY ST, SOMERVILLE, MA",1.0,1.0,1.0,9_PINCKNEY_ST_aerial.png,9_PINCKNEY_ST.jpg
9,PRESCOTT ST,62-B-3,"9  PRESCOTT ST, SOMERVILLE, MA",1.0,1.0,1.0,9_PRESCOTT_ST_aerial.png,9_PRESCOTT_ST.jpg
9,SANBORN AVE,73-B-12,"9  SANBORN AVE, SOMERVILLE, MA",1.0,1.0,1.0,9_SANBORN_AVE_aerial.png,9_SANBORN_AVE.jpg
9,SPRING ST,44-H-1,"9  SPRING ST, SOMERVILLE, MA",1.0,1.0,1.0,9_SPRING_ST_aerial.png,9_SPRING_ST.jpg
9,SUMMIT ST,20-E-11,"9  SUMMIT ST, SOMERVILLE, MA",1.0,1.0,1.0,9_SUMMIT_ST_aerial.png,9_SUMMIT_ST.jpg
9,ALDERSEY ST,72-C-12,"9 ALDERSEY ST, SOMERVILLE, MA",1.0,1.0,1.0,9_ALDERSEY_ST_aerial.png,9_ALDERSEY_ST.jpg
10,BARTLETT ST,41-D-21,"10  BARTLETT ST, SOMERVILLE, MA",1.0,1.0,1.0,10_BARTLETT_ST_aerial.png,10_BARTLETT_ST.jpg
10,NEVADA AVE,54-B-13,"10  NEVADA AVE, SOMERVILLE, MA",1.0,1.0,1.0,10_NEVADA_AVE_aerial.png,10_NEVADA_AVE.jpg
10,WARWICK ST,33-G-24,"10  WARWICK ST, SOMERVILLE, MA",1.0,1.0,1.0,10_WARWICK_ST_aerial.png,10_WARWICK_ST.jpg
10,WINSLOW AVE,20-A-16,"10  WINSLOW AVE, SOMERVILLE, MA",1.0,1.0,1.0,10_WINSLOW_AVE_aerial.png,10_WINSLOW_AVE.jpg
11,IRVING ST,16-B-3,"11  IRVING ST, SOMERVILLE, MA",1.0,1.0,1.0,11_IRVING_ST_aerial.png,11_IRVING_ST.jpg
11,MACARTHUR ST,90-A-4,"11  MACARTHUR ST, SOMERVILLE, MA",1.0,1.0,1.0,11_MACARTHUR_ST_aerial.png,11_MACARTHUR_ST.jpg
11,OAKLAND AVE,59-C-14,"11  OAKLAND AVE, SOMERVILLE, MA",1.0,1.0,1.0,11_OAKLAND_AVE_aerial.png,11_OAKLAND_AVE.jpg
11,ROGERS AVE,28-C-21,"11  ROGERS AVE, SOMERVILLE, MA",1.0,1.0,1.0,11_ROGERS_AVE_aerial.png,11_ROGERS_AVE.jpg
12,DARTMOUTH ST,60-A-11,"12  DARTMOUTH ST, SOMERVILLE, MA",1.0,1.0,1.0,12_DARTMOUTH_ST_aerial.png,12_DARTMOUTH_ST.jpg
12,ELLSWORTH ST,90-F-14,"12  ELLSWORTH ST, SOMERVILLE, MA",1.0,1.0,1.0,12_ELLSWORTH_ST_aerial.png,12_ELLSWORTH_ST.jpg
12,SUNSET RD,7-F-12,"12  SUNSET RD, SOMERVILLE, MA",1.0,1.0,1.0,12_SUNSET_RD_aerial.png,12_SUNSET_RD.jpg
13,CLARENDON AVE,9-C-6,"13  CLARENDON AVE, SOMERVILLE, MA",1.0,1.0,1.0,13_CLARENDON_AVE_aerial.png,13_CLARENDON_AVE.jpg
13,LINCOLN ST,91-D-17,"13  LINCOLN ST, SOMERVILLE, MA",1.0,1.0,1.0,13_LINCOLN_ST_aerial.png,13_LINCOLN_ST.jpg
13,SEWALL ST,70-A-15,"13  SEWALL ST, SOMERVILLE, MA",1.0,1.0,1.0,13_SEWALL_ST_aerial.png,13_SEWALL_ST.jpg
14,CEDAR ST,31-A-8,"14  CEDAR ST, SOMERVILLE, MA",1.0,1.0,1.0,14_CEDAR_ST_aerial.png,14_CEDAR_ST.jpg
14,LANGMAID AVE,58-D-12,"14  LANGMAID AVE, SOMERVILLE, MA",1.0,1.0,1.0,14_LANGMAID_AVE_aerial.png,14_LANGMAID_AVE.jpg
15,BOND ST,58-E-15,"15  BOND ST, SOMERVILLE, MA",1.0,1.0,1.0,15_BOND_ST_aerial.png,15_BOND_ST.jpg
15,GORHAM ST,17-A-7,"15  GORHAM ST, SOMERVILLE, MA",1.0,1.0,1.0,15_GORHAM_ST_aerial.png,15_GORHAM_ST.jpg
15,ST JAMES AVE,25-E-22,"15  ST JAMES AVE, SOMERVILLE, MA",1.0,1.0,1.0,15_ST_JAMES_AVE_aerial.png,15_ST_JAMES_AVE.jpg
16,BARTLETT ST,41-D-19,"16  BARTLETT ST, SOMERVILLE, MA",1.0,1.0,1.0,16_BARTLETT_ST_aerial.png,16_BARTLETT_ST.jpg
16,EASTMAN RD,35-A-12,"16  EASTMAN RD, SOMERVILLE, MA",1.0,1.0,1.0,16_EASTMAN_RD_aerial.png,16_EASTMAN_RD.jpg
16,LOWELL ST,38-F-18,"16  LOWELL ST, SOMERVILLE, MA",1.0,1.0,1.0,16_LOWELL_ST_aerial.png,16_LOWELL_ST.jpg
16,PERRY ST,75-A-18,"16  PERRY ST, SOMERVILLE, MA",1.0,1.0,1.0,16_PERRY_ST_aerial.png,16_PERRY_ST.jpg
16,RICHDALE AVE,50-C-16,"16  RICHDALE AVE, SOMERVILLE, MA",1.0,1.0,1.0,16_RICHDALE_AVE_aerial.png,16_RICHDALE_AVE.jpg
17,GRANT ST,70-B-19,"17  GRANT ST, SOMERVILLE, MA",1.0,1.0,1.0,17_GRANT_ST_aerial.png,17_GRANT_ST.jpg
18,BENEDICT ST,102-B-1,"18  BENEDICT ST, SOMERVILLE, MA",1.0,1.0,1.0,18_BENEDICT_ST_aerial.png,18_BENEDICT_ST.jpg
18,BILLINGHAM ST,16-D-16,"18  BILLINGHAM ST, SOMERVILLE, MA",1.0,1.0,1.0,18_BILLINGHAM_ST_aerial.png,18_BILLINGHAM_ST.jpg
18,CONNECTICUT AVE,89-B-3,"18  CONNECTICUT AVE, SOMERVILLE, MA",1.0,1.0,1.0,18_CONNECTICUT_AVE_aerial.png,18_CONNECTICUT_AVE.jpg
18,PINCKNEY ST,105-B-11,"18  PINCKNEY ST, SOMERVILLE, MA",1.0,1.0,1.0,18_PINCKNEY_ST_aerial.png,18_PINCKNEY_ST.jpg
18,STICKNEY AVE,60-E-4,"18  STICKNEY AVE, SOMERVILLE, MA",1.0,1.0,1.0,18_STICKNEY_AVE_aerial.png,18_STICKNEY_AVE.jpg
18,WALKER ST,15-D-11,"18  WALKER ST, SOMERVILLE, MA",1.0,1.0,1.0,18_WALKER_ST_aerial.png,18_WALKER_ST.jpg
19,CLARENDON AVE,9-C-8,"19  CLARENDON AVE, SOMERVILLE, MA",1.0,1.0,1.0,19_CLARENDON_AVE_aerial.png,19_CLARENDON_AVE.jpg
19,MORTON ST,104-A-18,"19  MORTON ST, SOMERVILLE, MA",1.0,1.0,1.0,19_MORTON_ST_aerial.png,19_MORTON_ST.jpg
20,BROMFIELD RD,18-C-25,"20  BROMFIELD RD, SOMERVILLE, MA",1.0,1.0,1.0,20_BROMFIELD_RD_aerial.png,20_BROMFIELD_RD.jpg
20,CAMERON AVE,13-D-47,"20  CAMERON AVE, SOMERVILLE, MA",1.0,1.0,1.0,20_CAMERON_AVE_aerial.png,20_CAMERON_AVE.jpg
20,MADISON ST,50-F-13,"20  MADISON ST, SOMERVILLE, MA",1.0,1.0,1.0,20_MADISON_ST_aerial.png,20_MADISON_ST.jpg
20,WILLOW AVE,25-E-11,"20  WILLOW AVE, SOMERVILLE, MA",1.0,1.0,1.0,20_WILLOW_AVE_aerial.png,20_WILLOW_AVE.jpg
21,CORINTHIAN RD,12-B-7,"21  CORINTHIAN RD, SOMERVILLE, MA",1.0,1.0,1.0,21_CORINTHIAN_RD_aerial.png,21_CORINTHIAN_RD.jpg
21,NEWBURY ST,9-D-9,"21  NEWBURY ST, SOMERVILLE, MA",1.0,1.0,1.0,21_NEWBURY_ST_aerial.png,21_NEWBURY_ST.jpg
21,WALKER ST,15-C-26,"21  WALKER ST, SOMERVILLE, MA",1.0,1.0,1.0,21_WALKER_ST_aerial.png,21_WALKER_ST.jpg
22,GRANITE ST,52-F-4,"22  GRANITE ST, SOMERVILLE, MA",1.0,1.0,1.0,22_GRANITE_ST_aerial.png,22_GRANITE_ST.jpg
22,HUDSON ST,42-E-3,"22  HUDSON ST, SOMERVILLE, MA",1.0,1.0,1.0,22_HUDSON_ST_aerial.png,22_HUDSON_ST.jpg
22,ROSSMORE ST,81-C-10,"22  ROSSMORE ST, SOMERVILLE, MA",1.0,1.0,1.0,22_ROSSMORE_ST_aerial.png,22_ROSSMORE_ST.jpg
23,BELMONT ST,44-A-38,"23  BELMONT ST, SOMERVILLE, MA",1.0,1.0,1.0,23_BELMONT_ST_aerial.png,23_BELMONT_ST.jpg
23,MACARTHUR ST,90-A-9,"23  MACARTHUR ST, SOMERVILLE, MA",1.0,1.0,1.0,23_MACARTHUR_ST_aerial.png,23_MACARTHUR_ST.jpg
23,WINDSOR RD,29-L-20,"23  WINDSOR RD, SOMERVILLE, MA",1.0,1.0,1.0,23_WINDSOR_RD_aerial.png,23_WINDSOR_RD.jpg
24,MYRTLE ST,104-D-64,"24  MYRTLE ST, SOMERVILLE, MA",1.0,1.0,1.0,24_MYRTLE_ST_aerial.png,24_MYRTLE_ST.jpg
24,PARTRIDGE AVE,41-B-19,"24  PARTRIDGE AVE, SOMERVILLE, MA",1.0,1.0,1.0,24_PARTRIDGE_AVE_aerial.png,24_PARTRIDGE_AVE.jpg
25,BAY STATE AVE,19-E-10,"25  BAY STATE AVE, SOMERVILLE, MA",1.0,1.0,1.0,25_BAY_STATE_AVE_aerial.png,25_BAY_STATE_AVE.jpg
25,BELKNAP ST,8-G-20,"25  BELKNAP ST, SOMERVILLE, MA",1.0,1.0,1.0,25_BELKNAP_ST_aerial.png,25_BELKNAP_ST.jpg
25,WEBSTER ST,91-A-29,"25  WEBSTER ST, SOMERVILLE, MA",1.0,1.0,1.0,25_WEBSTER_ST_aerial.png,25_WEBSTER_ST.jpg
26,APPLETON ST,24-K-2,"26  APPLETON ST, SOMERVILLE, MA",1.0,1.0,1.0,26_APPLETON_ST_aerial.png,26_APPLETON_ST.jpg
26,BONAIR ST,90-I-3,"26  BONAIR ST, SOMERVILLE, MA",1.0,1.0,1.0,26_BONAIR_ST_aerial.png,26_BONAIR_ST.jpg
26,DARTMOUTH ST,60-A-6,"26  DARTMOUTH ST, SOMERVILLE, MA",1.0,1.0,1.0,26_DARTMOUTH_ST_aerial.png,26_DARTMOUTH_ST.jpg
26,HIGH ST,4-B-9,"26  HIGH ST, SOMERVILLE, MA",1.0,1.0,1.0,26_HIGH_ST_aerial.png,26_HIGH_ST.jpg
26,MONTROSE ST,50-E-13,"26  MONTROSE ST, SOMERVILLE, MA",1.0,1.0,1.0,26_MONTROSE_ST_aerial.png,26_MONTROSE_ST.jpg
26,MYRTLE ST,104-D-65,"26  MYRTLE ST, SOMERVILLE, MA",1.0,1.0,1.0,26_MYRTLE_ST_aerial.png,26_MYRTLE_ST.jpg
26,ALBION ST,42-C-23,"26 ALBION ST, SOMERVILLE, MA",1.0,1.0,1.0,26_ALBION_ST_aerial.png,26_ALBION_ST.jpg
28,BURNHAM ST,15-A-9,"28  BURNHAM ST, SOMERVILLE, MA",1.0,1.0,1.0,28_BURNHAM_ST_aerial.png,28_BURNHAM_ST.jpg
28,DARTMOUTH ST,60-A-5,"28  DARTMOUTH ST, SOMERVILLE, MA",1.0,1.0,1.0,28_DARTMOUTH_ST_aerial.png,28_DARTMOUTH_ST.jpg
28,EVERETT AVE,90-G-6,"28  EVERETT AVE, SOMERVILLE, MA",1.0,1.0,1.0,28_EVERETT_AVE_aerial.png,28_EVERETT_AVE.jpg
29,MILLER ST,39-G-13,"29  MILLER ST, SOMERVILLE, MA",1.0,1.0,1.0,29_MILLER_ST_aerial.png,29_MILLER_ST.jpg
30,OXFORD ST,51-D-7,"30  OXFORD ST, SOMERVILLE, MA",1.0,1.0,1.0,30_OXFORD_ST_aerial.png,30_OXFORD_ST.jpg
30,TEN HILLS RD,68-D-15,"30  TEN HILLS RD, SOMERVILLE, MA",1.0,1.0,1.0,30_TEN_HILLS_RD_aerial.png,30_TEN_HILLS_RD.jpg
31,AVON ST,51-E-40,"31  AVON ST, SOMERVILLE, MA",1.0,1.0,1.0,31_AVON_ST_aerial.png,31_AVON_ST.jpg
31,HARRISON ST,45-C-14,"31  HARRISON ST, SOMERVILLE, MA",1.0,1.0,1.0,31_HARRISON_ST_aerial.png,31_HARRISON_ST.jpg
31,IRVINGTON RD,2-A-8,"31  IRVINGTON RD, SOMERVILLE, MA",1.0,1.0,1.0,31_IRVINGTON_RD_aerial.png,31_IRVINGTON_RD.jpg
31,MASON ST,15-A-25,"31  MASON ST, SOMERVILLE, MA",1.0,1.0,1.0,31_MASON_ST_aerial.png,31_MASON_ST.jpg
31,PARTRIDGE AVE,41-C-40,"31  PARTRIDGE AVE, SOMERVILLE, MA",1.0,1.0,1.0,31_PARTRIDGE_AVE_aerial.png,31_PARTRIDGE_AVE.jpg
31,SPENCER AVE,29-D-27,"31  SPENCER AVE, SOMERVILLE, MA",1.0,1.0,1.0,31_SPENCER_AVE_aerial.png,31_SPENCER_AVE.jpg
32,CHARNWOOD RD,29-K-17,"32  CHARNWOOD RD, SOMERVILLE, MA",1.0,1.0,1.0,32_CHARNWOOD_RD_aerial.png,32_CHARNWOOD_RD.jpg
32,DEARBORN RD,18-C-59,"32  DEARBORN RD, SOMERVILLE, MA",1.0,1.0,1.0,32_DEARBORN_RD_aerial.png,32_DEARBORN_RD.jpg
32,OAK ST,83-E-2,"32  OAK ST, SOMERVILLE, MA",1.0,1.0,1.0,32_OAK_ST_aerial.png,32_OAK_ST.jpg
32,PEARL ST,105-C-2,"32  PEARL ST, SOMERVILLE, MA",1.0,1.0,1.0,32_PEARL_ST_aerial.png,32_PEARL_ST.jpg
32,ROGERS AVE,28-B-8,"32  ROGERS AVE, SOMERVILLE, MA",1.0,1.0,1.0,32_ROGERS_AVE_aerial.png,32_ROGERS_AVE.jpg
32,SUNSET RD,7-F-7,"32  SUNSET RD, SOMERVILLE, MA",1.0,1.0,1.0,32_SUNSET_RD_aerial.png,32_SUNSET_RD.jpg
33,DERBY ST,69-H-24,"33  DERBY ST, SOMERVILLE, MA",1.0,1.0,1.0,33_DERBY_ST_aerial.png,33_DERBY_ST.jpg
33,PENNSYLVANIA AVE,102-D-25,"33  PENNSYLVANIA AVE, SOMERVILLE, MA",1.0,1.0,1.0,33_PENNSYLVANIA_AVE_aerial.png,33_PENNSYLVANIA_AVE.jpg
33,SIMPSON AVE,16-A-11,"33  SIMPSON AVE, SOMERVILLE, MA",1.0,1.0,1.0,33_SIMPSON_AVE_aerial.png,33_SIMPSON_AVE.jpg
33,SPRINGFIELD ST,83-D-12,"33  SPRINGFIELD ST, SOMERVILLE, MA",1.0,1.0,1.0,33_SPRINGFIELD_ST_aerial.png,33_SPRINGFIELD_ST.jpg
34,BARTON ST,8-I-3,"34  BARTON ST, SOMERVILLE, MA",1.0,1.0,1.0,34_BARTON_ST_aerial.png,34_BARTON_ST.jpg
34,FRANKLIN AVE,104-E-13,"34  FRANKLIN AVE, SOMERVILLE, MA",1.0,1.0,1.0,34_FRANKLIN_AVE_aerial.png,34_FRANKLIN_AVE.jpg
34,WILLOW AVE,25-E-7,"34  WILLOW AVE, SOMERVILLE, MA",1.0,1.0,1.0,34_WILLOW_AVE_aerial.png,34_WILLOW_AVE.jpg
36,CORINTHIAN RD,12-C-19,"36  CORINTHIAN RD, SOMERVILLE, MA",1.0,1.0,1.0,36_CORINTHIAN_RD_aerial.png,36_CORINTHIAN_RD.jpg
36,FENWICK ST,58-A-5,"36  FENWICK ST, SOMERVILLE, MA",1.0,1.0,1.0,36_FENWICK_ST_aerial.png,36_FENWICK_ST.jpg
36,OSSIPEE RD,11-C-4,"36  OSSIPEE RD, SOMERVILLE, MA",1.0,1.0,1.0,36_OSSIPEE_RD_aerial.png,36_OSSIPEE_RD.jpg
36,PENNSYLVANIA AVE,102-E-2,"36  PENNSYLVANIA AVE, SOMERVILLE, MA",1.0,1.0,1.0,36_PENNSYLVANIA_AVE_aerial.png,36_PENNSYLVANIA_AVE.jpg
36,SIMPSON AVE,12-C-15,"36  SIMPSON AVE, SOMERVILLE, MA",1.0,1.0,1.0,36_SIMPSON_AVE_aerial.png,36_SIMPSON_AVE.jpg
36,WALKER ST,15-D-7,"36  WALKER ST, SOMERVILLE, MA",1.0,1.0,1.0,36_WALKER_ST_aerial.png,36_WALKER_ST.jpg
36,WALLACE ST,16-B-44,"36  WALLACE ST, SOMERVILLE, MA",1.0,1.0,1.0,36_WALLACE_ST_aerial.png,36_WALLACE_ST.jpg
37,CLAREMON ST,13-B-11,"37  CLAREMON ST, SOMERVILLE, MA",1.0,1.0,1.0,37_CLAREMON_ST_aerial.png,37_CLAREMON_ST.jpg
37,GARRISON AVE,6-C-12,"37  GARRISON AVE, SOMERVILLE, MA",1.0,1.0,1.0,37_GARRISON_AVE_aerial.png,37_GARRISON_AVE.jpg
37,WALKER ST,15-C-30,"37  WALKER ST, SOMERVILLE, MA",1.0,1.0,1.0,37_WALKER_ST_aerial.png,37_WALKER_ST.jpg
37,ADRIAN ST,75-H-23,"37 ADRIAN ST, SOMERVILLE, MA",1.0,1.0,1.0,37_ADRIAN_ST_aerial.png,37_ADRIAN_ST.jpg
39,AVON ST,51-E-44,"39  AVON ST, SOMERVILLE, MA",1.0,1.0,1.0,39_AVON_ST_aerial.png,39_AVON_ST.jpg
39,DERBY ST,69-H-26,"39  DERBY ST, SOMERVILLE, MA",1.0,1.0,1.0,39_DERBY_ST_aerial.png,39_DERBY_ST.jpg
39,WOODS AVE,3-C-38,"39  WOODS AVE, SOMERVILLE, MA",1.0,1.0,1.0,39_WOODS_AVE_aerial.png,39_WOODS_AVE.jpg
41,PRESCOTT ST,62-B-15,"41  PRESCOTT ST, SOMERVILLE, MA",1.0,1.0,1.0,41_PRESCOTT_ST_aerial.png,41_PRESCOTT_ST.jpg
42,OLIVER ST,92-F-10,"42  OLIVER ST, SOMERVILLE, MA",1.0,1.0,1.0,42_OLIVER_ST_aerial.png,42_OLIVER_ST.jpg
43,PRICHARD AVE,28-F-27,"43  PRICHARD AVE, SOMERVILLE, MA",1.0,1.0,1.0,43_PRICHARD_AVE_aerial.png,43_PRICHARD_AVE.jpg
45,BOSTON AVE,28-G-28,"45  BOSTON AVE, SOMERVILLE, MA",1.0,1.0,1.0,45_BOSTON_AVE_aerial.png,45_BOSTON_AVE.jpg
45,CLARENDON AVE,9-B-8,"45  CLARENDON AVE, SOMERVILLE, MA",1.0,1.0,1.0,45_CLARENDON_AVE_aerial.png,45_CLARENDON_AVE.jpg
45,FRANKLIN ST,104-C-21,"45  FRANKLIN ST, SOMERVILLE, MA",1.0,1.0,1.0,45_FRANKLIN_ST_aerial.png,45_FRANKLIN_ST.jpg
45,GREENVILLE ST,80-G-5,"45  GREENVILLE ST, SOMERVILLE, MA",1.0,1.0,1.0,45_GREENVILLE_ST_aerial.png,45_GREENVILLE_ST.jpg
45,PRINCETON ST,34-B-9,"45  PRINCETON ST, SOMERVILLE, MA",1.0,1.0,1.0,45_PRINCETON_ST_aerial.png,45_PRINCETON_ST.jpg
46,SPRINGFIELD ST,76-D-5,"46  SPRINGFIELD ST, SOMERVILLE, MA",1.0,1.0,1.0,46_SPRINGFIELD_ST_aerial.png,46_SPRINGFIELD_ST.jpg
46,SYDNEY ST,69-H-10,"46  SYDNEY ST, SOMERVILLE, MA",1.0,1.0,1.0,46_SYDNEY_ST_aerial.png,46_SYDNEY_ST.jpg
47,SPRINGFIELD ST,83-A-61,"47  SPRINGFIELD ST, SOMERVILLE, MA",1.0,1.0,1.0,47_SPRINGFIELD_ST_aerial.png,47_SPRINGFIELD_ST.jpg
47,WALLACE ST,16-C-8,"47  WALLACE ST, SOMERVILLE, MA",1.0,1.0,1.0,47_WALLACE_ST_aerial.png,47_WALLACE_ST.jpg
47,WOODS AVE,3-C-40,"47  WOODS AVE, SOMERVILLE, MA",1.0,1.0,1.0,47_WOODS_AVE_aerial.png,47_WOODS_AVE.jpg
48,HUNTING ST,97-G-1,"48  HUNTING ST, SOMERVILLE, MA",1.0,1.0,1.0,48_HUNTING_ST_aerial.png,48_HUNTING_ST.jpg
48,LINDEN AVE,36-A-8,"48  LINDEN AVE, SOMERVILLE, MA",1.0,1.0,1.0,48_LINDEN_AVE_aerial.png,48_LINDEN_AVE.jpg
48,MAIN ST,47-B-18,"48  MAIN ST, SOMERVILLE, MA",1.0,1.0,1.0,48_MAIN_ST_aerial.png,48_MAIN_ST.jpg
49,SARGENT AVE,71-D-16,"49  SARGENT AVE, SOMERVILLE, MA",1.0,1.0,1.0,49_SARGENT_AVE_aerial.png,49_SARGENT_AVE.jpg
50,BELMONT ST,38-E-27,"50  BELMONT ST, SOMERVILLE, MA",1.0,1.0,1.0,50_BELMONT_ST_aerial.png,50_BELMONT_ST.jpg
50,SPENCER AVE,29-E-3,"50  SPENCER AVE, SOMERVILLE, MA",1.0,1.0,1.0,50_SPENCER_AVE_aerial.png,50_SPENCER_AVE.jpg
51,DARTMOUTH ST,59-B-20,"51  DARTMOUTH ST, SOMERVILLE, MA",1.0,1.0,1.0,51_DARTMOUTH_ST_aerial.png,51_DARTMOUTH_ST.jpg
51,MORELAND ST,47-C-31,"51  MORELAND ST, SOMERVILLE, MA",1.0,1.0,1.0,51_MORELAND_ST_aerial.png,51_MORELAND_ST.jpg
52,MONTROSE ST,50-E-3,"52  MONTROSE ST, SOMERVILLE, MA",1.0,1.0,1.0,52_MONTROSE_ST_aerial.png,52_MONTROSE_ST.jpg
52,THURSTON ST,48-D-13,"52  THURSTON ST, SOMERVILLE, MA",1.0,1.0,1.0,52_THURSTON_ST_aerial.png,52_THURSTON_ST.jpg
58,PUTNAM RD,56-B-11,"58  PUTNAM RD, SOMERVILLE, MA",1.0,1.0,1.0,58_PUTNAM_RD_aerial.png,58_PUTNAM_RD.jpg
60,WALLACE ST,16-B-38,"60  WALLACE ST, SOMERVILLE, MA",1.0,1.0,1.0,60_WALLACE_ST_aerial.png,60_WALLACE_ST.jpg
61,HIGHLAND RD,28-D-31,"61  HIGHLAND RD, SOMERVILLE, MA",1.0,1.0,1.0,61_HIGHLAND_RD_aerial.png,61_HIGHLAND_RD.jpg
64,CHANDLER ST,16-C-33,"64  CHANDLER ST, SOMERVILLE, MA",1.0,1.0,1.0,64_CHANDLER_ST_aerial.png,64_CHANDLER_ST.jpg
64,GROVE ST,20-A-9,"64  GROVE ST, SOMERVILLE, MA",1.0,1.0,1.0,64_GROVE_ST_aerial.png,64_GROVE_ST.jpg
64,HOOKER AVE,6-E-8,"64  HOOKER AVE, SOMERVILLE, MA",1.0,1.0,1.0,64_HOOKER_AVE_aerial.png,64_HOOKER_AVE.jpg
65,BERKELEY ST,51-A-23,"65  BERKELEY ST, SOMERVILLE, MA",1.0,1.0,1.0,65_BERKELEY_ST_aerial.png,65_BERKELEY_ST.jpg
69,GORDON ST,2-A-23,"69  GORDON ST, SOMERVILLE, MA",1.0,1.0,1.0,69_GORDON_ST_aerial.png,69_GORDON_ST.jpg
71,HINCKLEY ST,32-H-4,"71  HINCKLEY ST, SOMERVILLE, MA",1.0,1.0,1.0,71_HINCKLEY_ST_aerial.png,71_HINCKLEY_ST.jpg
73,LEXINGTON AVE,28-I-11,"73  LEXINGTON AVE, SOMERVILLE, MA",1.0,1.0,1.0,73_LEXINGTON_AVE_aerial.png,73_LEXINGTON_AVE.jpg
73,SIMPSON AVE,16-A-24,"73  SIMPSON AVE, SOMERVILLE, MA",1.0,1.0,1.0,73_SIMPSON_AVE_aerial.png,73_SIMPSON_AVE.jpg
75,GORDON ST,2-A-25,"75  GORDON ST, SOMERVILLE, MA",1.0,1.0,1.0,75_GORDON_ST_aerial.png,75_GORDON_ST.jpg
76,THURSTON ST,48-C-11,"76  THURSTON ST, SOMERVILLE, MA",1.0,1.0,1.0,76_THURSTON_ST_aerial.png,76_THURSTON_ST.jpg
77,WALNUT ST,72-B-48,"77  WALNUT ST, SOMERVILLE, MA",1.0,1.0,1.0,77_WALNUT_ST_aerial.png,77_WALNUT_ST.jpg
80,FREMONT ST,46-G-5,"80  FREMONT ST, SOMERVILLE, MA",1.0,1.0,1.0,80_FREMONT_ST_aerial.png,80_FREMONT_ST.jpg
80,PACKARD AVE,10-E-15,"80  PACKARD AVE, SOMERVILLE, MA",1.0,1.0,1.0,80_PACKARD_AVE_aerial.png,80_PACKARD_AVE.jpg
81,BROMFIELD RD,18-B-45,"81  BROMFIELD RD, SOMERVILLE, MA",1.0,1.0,1.0,81_BROMFIELD_RD_aerial.png,81_BROMFIELD_RD.jpg
82,MYRTLE ST,91-G-9,"82  MYRTLE ST, SOMERVILLE, MA",1.0,1.0,1.0,82_MYRTLE_ST_aerial.png,82_MYRTLE_ST.jpg
82,PRICHARD AVE,27-G-8,"82  PRICHARD AVE, SOMERVILLE, MA",1.0,1.0,1.0,82_PRICHARD_AVE_aerial.png,82_PRICHARD_AVE.jpg
83,ELECTRIC AVE,11-I-22,"83  ELECTRIC AVE, SOMERVILLE, MA",1.0,1.0,1.0,83_ELECTRIC_AVE_aerial.png,83_ELECTRIC_AVE.jpg
83,WALLACE ST,16-C-17,"83  WALLACE ST, SOMERVILLE, MA",1.0,1.0,1.0,83_WALLACE_ST_aerial.png,83_WALLACE_ST.jpg
85,BROMFIELD RD,18-B-46,"85  BROMFIELD RD, SOMERVILLE, MA",1.0,1.0,1.0,85_BROMFIELD_RD_aerial.png,85_BROMFIELD_RD.jpg
85,CHANDLER ST,16-D-7,"85  CHANDLER ST, SOMERVILLE, MA",1.0,1.0,1.0,85_CHANDLER_ST_aerial.png,85_CHANDLER_ST.jpg
94,PRICHARD AVE,27-G-5,"94  PRICHARD AVE, SOMERVILLE, MA",1.0,1.0,1.0,94_PRICHARD_AVE_aerial.png,94_PRICHARD_AVE.jpg
95,JAQUES ST,57-A-16,"95  JAQUES ST, SOMERVILLE, MA",1.0,1.0,1.0,95_JAQUES_ST_aerial.png,95_JAQUES_ST.jpg
97,WINSLOW AVE,24-H-12,"97  WINSLOW AVE, SOMERVILLE, MA",1.0,1.0,1.0,97_WINSLOW_AVE_aerial.png,97_WINSLOW_AVE.jpg
98,FLINT ST,92-K-4,"98  FLINT ST, SOMERVILLE, MA",1.0,1.0,1.0,98_FLINT_ST_aerial.png,98_FLINT_ST.jpg
101,BROMFIELD RD,18-B-50,"101  BROMFIELD RD, SOMERVILLE, MA",1.0,1.0,1.0,101_BROMFIELD_RD_aerial.png,101_BROMFIELD_RD.jpg
101,TALBOT AVE,10-C-7,"101  TALBOT AVE, SOMERVILLE, MA",1.0,1.0,1.0,101_TALBOT_AVE_aerial.png,101_TALBOT_AVE.jpg
103,CENTRAL ST,50-H-2,"103  CENTRAL ST, SOMERVILLE, MA",1.0,1.0,1.0,103_CENTRAL_ST_aerial.png,103_CENTRAL_ST.jpg
105,GRANT ST,69-D-23,"105  GRANT ST, SOMERVILLE, MA",1.0,1.0,1.0,105_GRANT_ST_aerial.png,105_GRANT_ST.jpg
113,NORTH ST,7-K-34,"113  NORTH ST, SOMERVILLE, MA",1.0,1.0,1.0,113_NORTH_ST_aerial.png,113_NORTH_ST.jpg
118,HEATH ST,47-I-6,"118  HEATH ST, SOMERVILLE, MA",1.0,1.0,1.0,118_HEATH_ST_aerial.png,118_HEATH_ST.jpg
119,BAILEY RD,56-D-29,"119  BAILEY RD, SOMERVILLE, MA",1.0,1.0,1.0,119_BAILEY_RD_aerial.png,119_BAILEY_RD.jpg
119,HUDSON ST,34-D-48,"119  HUDSON ST, SOMERVILLE, MA",1.0,1.0,1.0,119_HUDSON_ST_aerial.png,119_HUDSON_ST.jpg
126,ALBION ST,34-D-21,"126 ALBION ST, SOMERVILLE, MA",1.0,1.0,1.0,126_ALBION_ST_aerial.png,126_ALBION_ST.jpg
130,COLLEGE AVE,15-E-7,"130  COLLEGE AVE, SOMERVILLE, MA",1.0,1.0,1.0,130_COLLEGE_AVE_aerial.png,130_COLLEGE_AVE.jpg
130,NORTH ST,3-F-19,"130  NORTH ST, SOMERVILLE, MA",1.0,1.0,1.0,130_NORTH_ST_aerial.png,130_NORTH_ST.jpg
143,POWDER HOUSE BLVD,10-E-23,"143  POWDER HOUSE BLVD, SOMERVILLE, MA",1.0,1.0,1.0,143_POWDER_HOUSE_BLVD_aerial.png,143_POWDER_HOUSE_BLVD.jpg
151,CENTRAL ST,48-F-17,"151  CENTRAL ST, SOMERVILLE, MA",1.0,1.0,1.0,151_CENTRAL_ST_aerial.png,151_CENTRAL_ST.jpg
155,SYCAMORE ST,48-C-32,"155  SYCAMORE ST, SOMERVILLE, MA",1.0,1.0,1.0,155_SYCAMORE_ST_aerial.png,155_SYCAMORE_ST.jpg
166,CENTRAL ST,48-A-18,"166  CENTRAL ST, SOMERVILLE, MA",1.0,1.0,1.0,166_CENTRAL_ST_aerial.png,166_CENTRAL_ST.jpg
166,NORTH ST,3-D-23,"166  NORTH ST, SOMERVILLE, MA",1.0,1.0,1.0,166_NORTH_ST_aerial.png,166_NORTH_ST.jpg
174,SUMMER ST,44-B-3,"174  SUMMER ST, SOMERVILLE, MA",1.0,1.0,1.0,174_SUMMER_ST_aerial.png,174_SUMMER_ST.jpg
188,CENTRAL ST,48-A-9,"188  CENTRAL ST, SOMERVILLE, MA",1.0,1.0,1.0,188_CENTRAL_ST_aerial.png,188_CENTRAL_ST.jpg
198,PEARL ST,79-B-1,"198  PEARL ST, SOMERVILLE, MA",1.0,1.0,1.0,198_PEARL_ST_aerial.png,198_PEARL_ST.jpg
205,POWDER HOUSE BLVD,8-A-37,"205  POWDER HOUSE BLVD, SOMERVILLE, MA",1.0,1.0,1.0,205_POWDER_HOUSE_BLVD_aerial.png,205_POWDER_HOUSE_BLVD.jpg
219,BEACON ST,45-G-15,"219  BEACON ST, SOMERVILLE, MA",1.0,1.0,1.0,219_BEACON_ST_aerial.png,219_BEACON_ST.jpg
227,POWDER HOUSE BLVD,8-A-43,"227  POWDER HOUSE BLVD, SOMERVILLE, MA",1.0,1.0,1.0,227_POWDER_HOUSE_BLVD_aerial.png,227_POWDER_HOUSE_BLVD.jpg
234,PEARL ST,61-H-2,"234  PEARL ST, SOMERVILLE, MA",1.0,1.0,1.0,234_PEARL_ST_aerial.png,234_PEARL_ST.jpg
241,POWDER HOUSE BLVD,8-A-47,"241  POWDER HOUSE BLVD, SOMERVILLE, MA",1.0,1.0,1.0,241_POWDER_HOUSE_BLVD_aerial.png,241_POWDER_HOUSE_BLVD.jpg
244,CEDAR ST,27-E-30,"244  CEDAR ST, SOMERVILLE, MA",1.0,1.0,1.0,244_CEDAR_ST_aerial.png,244_CEDAR_ST.jpg
338,BEACON ST,37-D-2,"338  BEACON ST, SOMERVILLE, MA",1.0,1.0,1.0,338_BEACON_ST_aerial.png,338_BEACON_ST.jpg
341,LOWELL ST,41-A-51,"341  LOWELL ST, SOMERVILLE, MA",1.0,1.0,1.0,341_LOWELL_ST_aerial.png,341_LOWELL_ST.jpg
359,BEACON ST,37-C-6,"359  BEACON ST, SOMERVILLE, MA",1.0,1.0,1.0,359_BEACON_ST_aerial.png,359_BEACON_ST.jpg
371,BROADWAY,58-E-10,"371  BROADWAY, SOMERVILLE, MA",1.0,1.0,1.0,371_BROADWAY_aerial.png,371_BROADWAY.jpg
991,BROADWAY,15-A-18,"991  BROADWAY, SOMERVILLE, MA",1.0,1.0,1.0,991_BROADWAY_aerial.png,991_BROADWAY.jpg
10B,MURDOCK ST,33-A-6,"10B  MURDOCK ST, SOMERVILLE, MA",1.0,1.0,1.0,10B_MURDOCK_ST_aerial.png,10B_MURDOCK_ST.jpg
114-116,TEN HILLS RD,56-A-8,"114-116  TEN HILLS RD, SOMERVILLE, MA",1.0,1.0,1.0,114-116_TEN_HILLS_RD_aerial.png,114-116_TEN_HILLS_RD.jpg
129-131,GLEN ST,92-F-14,"129-131  GLEN ST, SOMERVILLE, MA",1.0,1.0,1.0,129-131_GLEN_ST_aerial.png,129-131_GLEN_ST.jpg
14B,GRANITE ST,52-F-7,"14B  GRANITE ST, SOMERVILLE, MA",1.0,1.0,1.0,14B_GRANITE_ST_aerial.png,14B_GRANITE_ST.jpg
30-32,BELKNAP ST,8-H-5,"30-32  BELKNAP ST, SOMERVILLE, MA",1.0,1.0,1.0,30-32_BELKNAP_ST_aerial.png,30-32_BELKNAP_ST.jpg
30-32,RUSSELL RD,8-G-5,"30-32  RUSSELL RD, SOMERVILLE, MA",1.0,1.0,1.0,30-32_RUSSELL_RD_aerial.png,30-32_RUSSELL_RD.jpg
31-33,IVALOO ST,45-H-7,"31-33  IVALOO ST, SOMERVILLE, MA",1.0,1.0,1.0,31-33_IVALOO_ST_aerial.png,31-33_IVALOO_ST.jpg
32-34,FENWICK ST,58-A-6,"32-34  FENWICK ST, SOMERVILLE, MA",1.0,1.0,1.0,32-34_FENWICK_ST_aerial.png,32-34_FENWICK_ST.jpg
330A,HIGHLAND AVE,29-L-7,"330A  HIGHLAND AVE, SOMERVILLE, MA",1.0,1.0,1.0,330A_HIGHLAND_AVE_aerial.png,330A_HIGHLAND_AVE.jpg
39-39,LEXINGTON AVE,28-I-19,"39-39  LEXINGTON AVE, SOMERVILLE, MA",1.0,1.0,1.0,39-39_LEXINGTON_AVE_aerial.png,39-39_LEXINGTON_AVE.jpg
41-43,CURTIS AVE,7-G-27,"41-43  CURTIS AVE, SOMERVILLE, MA",1.0,1.0,1.0,41-43_CURTIS_AVE_aerial.png,41-43_CURTIS_AVE.jpg
43-45,WALLACE ST,16-C-7,"43-45  WALLACE ST, SOMERVILLE, MA",1.0,1.0,1.0,43-45_WALLACE_ST_aerial.png,43-45_WALLACE_ST.jpg
66-68,PURITAN RD,56-C-4,"66-68  PURITAN RD, SOMERVILLE, MA",1.0,1.0,1.0,66-68_PURITAN_RD_aerial.png,66-68_PURITAN_RD.jpg
73R,RUSH ST,92-C-9,"73R  RUSH ST, SOMERVILLE, MA",1.0,1.0,1.0,73R_RUSH_ST_aerial.png,73R_RUSH_ST.jpg
7A,GRAND VIEW AVE,72-F-11,"7A  GRAND VIEW AVE, SOMERVILLE, MA",1.0,1.0,1.0,7A_GRAND_VIEW_AVE_aerial.png,7A_GRAND_VIEW_AVE.jpg
11,LEONARD ST,15-D-26,"11  LEONARD ST, SOMERVILLE, MA",0.0,1.0,0.9,11_LEONARD_ST_aerial.png,11_LEONARD_ST.jpg
11,ACADIA PK,31-C-38,"11 ACADIA PK, SOMERVILLE, MA",0.0,1.0,0.9,11_ACADIA_PK_aerial.png,11_ACADIA_PK.jpg
12,FAIRMOUNT AVE,8-D-3,"12  FAIRMOUNT AVE, SOMERVILLE, MA",0.0,1.0,0.9,12_FAIRMOUNT_AVE_aerial.png,12_FAIRMOUNT_AVE.jpg
15,COTTAGE AVE,26-B-9,"15  COTTAGE AVE, SOMERVILLE, MA",0.0,1.0,0.9,15_COTTAGE_AVE_aerial.png,15_COTTAGE_AVE.jpg
16,BAILEY ST,7-K-5,"16  BAILEY ST, SOMERVILLE, MA",0.0,1.0,0.9,16_BAILEY_ST_aerial.png,16_BAILEY_ST.jpg
16,WASHINGTON TERR,81-A-27,"16  WASHINGTON TERR, SOMERVILLE, MA",0.0,1.0,0.9,16_WASHINGTON_TERR_aerial.png,16_WASHINGTON_TERR.jpg
19,HANSON ST,54-G-5,"19  HANSON ST, SOMERVILLE, MA",0.0,1.0,0.9,19_HANSON_ST_aerial.png,19_HANSON_ST.jpg
21,HALL ST,29-G-23,"21  HALL ST, SOMERVILLE, MA",0.0,1.0,0.9,21_HALL_ST_aerial.png,21_HALL_ST.jpg
22,CAMBRIA ST,43-F-6,"22  CAMBRIA ST, SOMERVILLE, MA",0.0,1.0,0.9,22_CAMBRIA_ST_aerial.png,22_CAMBRIA_ST.jpg
24,HOUGHTON ST,83-C-9,"24  HOUGHTON ST, SOMERVILLE, MA",0.0,1.0,0.9,24_HOUGHTON_ST_aerial.png,24_HOUGHTON_ST.jpg
26,SUMMER ST,63-C-6,"26  SUMMER ST, SOMERVILLE, MA",0.0,1.0,0.9,26_SUMMER_ST_aerial.png,26_SUMMER_ST.jpg
27,MYRTLE ST,105-A-32,"27  MYRTLE ST, SOMERVILLE, MA",0.0,1.0,0.9,27_MYRTLE_ST_aerial.png,27_MYRTLE_ST.jpg
37,PUTNAM ST,62-C-18,"37  PUTNAM ST, SOMERVILLE, MA",0.0,1.0,0.9,37_PUTNAM_ST_aerial.png,37_PUTNAM_ST.jpg
39,WARE ST,8-K-11,"39  WARE ST, SOMERVILLE, MA",0.0,1.0,0.9,39_WARE_ST_aerial.png,39_WARE_ST.jpg
64,MARSHALL ST,71-E-67,"64  MARSHALL ST, SOMERVILLE, MA",0.0,1.0,0.9,64_MARSHALL_ST_aerial.png,64_MARSHALL_ST.jpg
82,VICTORIA ST,6-E-11,"82  VICTORIA ST, SOMERVILLE, MA",0.0,1.0,0.9,82_VICTORIA_ST_aerial.png,82_VICTORIA_ST.jpg
95,HUDSON ST,34-D-39,"95  HUDSON ST, SOMERVILLE, MA",0.0,1.0,0.9,95_HUDSON_ST_aerial.png,95_HUDSON_ST.jpg
467,SOMERVILLE AVE,52-F-9,"467  SOMERVILLE AVE, SOMERVILLE, MA",0.0,1.0,0.9,467_SOMERVILLE_AVE_aerial.png,467_SOMERVILLE_AVE.jpg
12A,TRULL ST,41-A-28,"12A  TRULL ST, SOMERVILLE, MA",0.0,1.0,0.9,12A_TRULL_ST_aerial.png,12A_TRULL_ST.jpg
6,GREENVILLE ST,80-B-26,"6  GREENVILLE ST, SOMERVILLE, MA",2.0,0.0,0.1,6_GREENVILLE_ST_aerial.png,6_GREENVILLE_ST.jpg
8,CLAREMON ST,13-C-24,"8  CLAREMON ST, SOMERVILLE, MA",2.0,0.0,0.1,8_CLAREMON_ST_aerial.png,8_CLAREMON_ST.jpg
9,CROSS ST,90-C-8,"9  CROSS ST, SOMERVILLE, MA",2.0,0.0,0.1,9_CROSS_ST_aerial.png,9_CROSS_ST.jpg
9,HOLYOKE RD,31-D-8,"9  HOLYOKE RD, SOMERVILLE, MA",2.0,0.0,0.1,9_HOLYOKE_RD_aerial.png,9_HOLYOKE_RD.jpg
9,SELLON PL,60-D-12,"9  SELLON PL, SOMERVILLE, MA",2.0,0.0,0.1,9_SELLON_PL_aerial.png,9_SELLON_PL.jpg
9,WARNER ST,19-A-17,"9  WARNER ST, SOMERVILLE, MA",2.0,0.0,0.1,9_WARNER_ST_aerial.png,9_WARNER_ST.jpg
10,WEBSTER ST,91-H-8,"10  WEBSTER ST, SOMERVILLE, MA",2.0,0.0,0.1,10_WEBSTER_ST_aerial.png,10_WEBSTER_ST.jpg
12,SPENCER AVE,29-E-15,"12  SPENCER AVE, SOMERVILLE, MA",2.0,0.0,0.1,12_SPENCER_AVE_aerial.png,12_SPENCER_AVE.jpg
16,BUCKINGHAM ST,66-C-6,"16  BUCKINGHAM ST, SOMERVILLE, MA",2.0,0.0,0.1,16_BUCKINGHAM_ST_aerial.png,16_BUCKINGHAM_ST.jpg
16,MAIN ST,47-I-9,"16  MAIN ST, SOMERVILLE, MA",2.0,0.0,0.1,16_MAIN_ST_aerial.png,16_MAIN_ST.jpg
22,JACKSON RD,71-E-4,"22  JACKSON RD, SOMERVILLE, MA",2.0,0.0,0.1,22_JACKSON_RD_aerial.png,22_JACKSON_RD.jpg
24,DIMICK ST,76-A-4,"24  DIMICK ST, SOMERVILLE, MA",2.0,0.0,0.1,24_DIMICK_ST_aerial.png,24_DIMICK_ST.jpg
29,JOSEPHINE AVE,28-B-23,"29  JOSEPHINE AVE, SOMERVILLE, MA",2.0,0.0,0.1,29_JOSEPHINE_AVE_aerial.png,29_JOSEPHINE_AVE.jpg
39,WHITFIELD RD,10-G-18,"39  WHITFIELD RD, SOMERVILLE, MA",2.0,0.0,0.1,39_WHITFIELD_RD_aerial.png,39_WHITFIELD_RD.jpg
44,CHERRY ST,29-I-17,"44  CHERRY ST, SOMERVILLE, MA",2.0,0.0,0.1,44_CHERRY_ST_aerial.png,44_CHERRY_ST.jpg
45,IBBETSON ST,38-D-1,"45  IBBETSON ST, SOMERVILLE, MA",2.0,0.0,0.1,45_IBBETSON_ST_aerial.png,45_IBBETSON_ST.jpg
46,SOUTH ST,97-G-2,"46  SOUTH ST, SOMERVILLE, MA",2.0,0.0,0.1,46_SOUTH_ST_aerial.png,46_SOUTH_ST.jpg
47,CALVIN ST,66-A-11,"47  CALVIN ST, SOMERVILLE, MA",2.0,0.0,0.1,47_CALVIN_ST_aerial.png,47_CALVIN_ST.jpg
47,HINCKLEY ST,32-M-6,"47  HINCKLEY ST, SOMERVILLE, MA",2.0,0.0,0.1,47_HINCKLEY_ST_aerial.png,47_HINCKLEY_ST.jpg
57,GROVE ST,24-H-1,"57  GROVE ST, SOMERVILLE, MA",2.0,0.0,0.1,57_GROVE_ST_aerial.png,57_GROVE_ST.jpg
57,PENNSYLVANIA AVE,89-F-6,"57  PENNSYLVANIA AVE, SOMERVILLE, MA",2.0,0.0,0.1,57_PENNSYLVANIA_AVE_aerial.png,57_PENNSYLVANIA_AVE.jpg
78,ALBION ST,42-C-5,"78 ALBION ST, SOMERVILLE, MA",2.0,0.0,0.1,78_ALBION_ST_aerial.png,78_ALBION_ST.jpg
101,SUMMER ST,51-F-28,"101  SUMMER ST, SOMERVILLE, MA",2.0,0.0,0.1,101_SUMMER_ST_aerial.png,101_SUMMER_ST.jpg
103,BEACON ST,66-A-22,"103  BEACON ST, SOMERVILLE, MA",2.0,0.0,0.1,103_BEACON_ST_aerial.png,103_BEACON_ST.jpg
136,BROADWAY,90-E-4,"136  BROADWAY, SOMERVILLE, MA",2.0,0.0,0.1,136_BROADWAY_aerial.png,136_BROADWAY.jpg
136,HUDSON ST,34-E-16,"136  HUDSON ST, SOMERVILLE, MA",2.0,0.0,0.1,136_HUDSON_ST_aerial.png,136_HUDSON_ST.jpg
139,ELM ST,30-A-16,"139  ELM ST, SOMERVILLE, MA",2.0,0.0,0.1,139_ELM_ST_aerial.png,139_ELM_ST.jpg
200,HIGHLAND AVE,43-C-1,"200  HIGHLAND AVE, SOMERVILLE, MA",2.0,0.0,0.1,200_HIGHLAND_AVE_aerial.png,200_HIGHLAND_AVE.jpg
203,HOLLAND ST,12-A-29,"203  HOLLAND ST, SOMERVILLE, MA",2.0,0.0,0.1,203_HOLLAND_ST_aerial.png,203_HOLLAND_ST.jpg
269,WASHINGTON ST,74-D-8,"269  WASHINGTON ST, SOMERVILLE, MA",2.0,0.0,0.1,269_WASHINGTON_ST_aerial.png,269_WASHINGTON_ST.jpg
291,SUMMER ST,29-I-19,"291  SUMMER ST, SOMERVILLE, MA",2.0,0.0,0.1,291_SUMMER_ST_aerial.png,291_SUMMER_ST.jpg
296,HIGHLAND AVE,29-F-1,"296  HIGHLAND AVE, SOMERVILLE, MA",2.0,0.0,0.1,296_HIGHLAND_AVE_aerial.png,296_HIGHLAND_AVE.jpg
307,MEDFORD ST,61-E-5,"307  MEDFORD ST, SOMERVILLE, MA",2.0,0.0,0.1,307_MEDFORD_ST_aerial.png,307_MEDFORD_ST.jpg
329,BEACON ST,37-C-23,"329  BEACON ST, SOMERVILLE, MA",2.0,0.0,0.1,329_BEACON_ST_aerial.png,329_BEACON_ST.jpg
352,LOWELL ST,32-D-14,"352  LOWELL ST, SOMERVILLE, MA",2.0,0.0,0.1,352_LOWELL_ST_aerial.png,352_LOWELL_ST.jpg
364,HIGHLAND AVE,25-C-4,"364  HIGHLAND AVE, SOMERVILLE, MA",2.0,0.0,0.1,364_HIGHLAND_AVE_aerial.png,364_HIGHLAND_AVE.jpg
657,SOMERVILLE AVE,38-F-22,"657  SOMERVILLE AVE, SOMERVILLE, MA",2.0,0.0,0.1,657_SOMERVILLE_AVE_aerial.png,657_SOMERVILLE_AVE.jpg
689,SOMERVILLE AVE,38-A-71,"689  SOMERVILLE AVE, SOMERVILLE, MA",2.0,0.0,0.1,689_SOMERVILLE_AVE_aerial.png,689_SOMERVILLE_AVE.jpg
946,BROADWAY,16-C-24,"946  BROADWAY, SOMERVILLE, MA",2.0,0.0,0.1,946_BROADWAY_aerial.png,946_BROADWAY.jpg
218A,SUMMER ST,38-A-42,"218A  SUMMER ST, SOMERVILLE, MA",2.0,0.0,0.1,218A_SUMMER_ST_aerial.png,218A_SUMMER_ST.jpg
81-81,BELMONT ST,43-C-31,"81-81  BELMONT ST, SOMERVILLE, MA",2.0,0.0,0.1,81-81_BELMONT_ST_aerial.png,81-81_BELMONT_ST.jpg
11,LINDEN ST,95-A-7,"11  LINDEN ST, SOMERVILLE, MA",1.0,0.0,0.9,11_LINDEN_ST_aerial.png,11_LINDEN_ST.jpg
25,KENSINGTON AVE,77-D-6,"25  KENSINGTON AVE, SOMERVILLE, MA",1.0,0.0,0.9,25_KENSINGTON_AVE_aerial.png,25_KENSINGTON_AVE.jpg
27,DIMICK ST,65-F-8,"27  DIMICK ST, SOMERVILLE, MA",1.0,0.0,0.9,27_DIMICK_ST_aerial.png,27_DIMICK_ST.jpg
34,HALL AVE,20-C-29,"34  HALL AVE, SOMERVILLE, MA",1.0,0.0,0.9,34_HALL_AVE_aerial.png,34_HALL_AVE.jpg
38,PORTER ST,36-C-10,"38  PORTER ST, SOMERVILLE, MA",1.0,0.0,0.9,38_PORTER_ST_aerial.png,38_PORTER_ST.jpg
40,BENTON RD,43-C-11,"40  BENTON RD, SOMERVILLE, MA",1.0,0.0,0.9,40_BENTON_RD_aerial.png,40_BENTON_RD.jpg
55,OXFORD ST,51-B-10,"55  OXFORD ST, SOMERVILLE, MA",1.0,0.0,0.9,55_OXFORD_ST_aerial.png,55_OXFORD_ST.jpg
59,CONCORD AVE,75-E-28,"59  CONCORD AVE, SOMERVILLE, MA",1.0,0.0,0.9,59_CONCORD_AVE_aerial.png,59_CONCORD_AVE.jpg
107,SHORE DR,55-D-1,"107  SHORE DR, SOMERVILLE, MA",1.0,0.0,0.9,107_SHORE_DR_aerial.png,107_SHORE_DR.jpg
134,PEARL ST,92-B-10,"134  PEARL ST, SOMERVILLE, MA",1.0,0.0,0.9,134_PEARL_ST_aerial.png,134_PEARL_ST.jpg
140,PEARL ST,92-B-9,"140  PEARL ST, SOMERVILLE, MA",1.0,0.0,0.9,140_PEARL_ST_aerial.png,140_PEARL_ST.jpg
233,HOLLAND ST,12-A-35,"233  HOLLAND ST, SOMERVILLE, MA",1.0,0.0,0.9,233_HOLLAND_ST_aerial.png,233_HOLLAND_ST.jpg
635,MCGRATH HWY,90-A-11,"635  MCGRATH HWY, SOMERVILLE, MA",1.0,0.0,0.9,635_MCGRATH_HWY_aerial.png,635_MCGRATH_HWY.jpg
763,BROADWAY,19-A-8,"763  BROADWAY, SOMERVILLE, MA",1.0,0.0,0.9,763_BROADWAY_aerial.png,763_BROADWAY.jpg
9-9,PROSPECT HILL AVE,80-B-11,"9-9  PROSPECT HILL AVE, SOMERVILLE, MA",1.0,0.0,0.9,9-9_PROSPECT_HILL_AVE_aerial.png,9-9_PROSPECT_HILL_AVE.jpg
13A,AVON PL,92-I-14,"13A  AVON PL, SOMERVILLE, MA",1.0,0.0,0.9,13A_AVON_PL_aerial.png,13A_AVON_PL.jpg
7,CAMPBELL PK,17-G-12,"7  CAMPBELL PK, SOMERVILLE, MA",0.0,0.0,0.0,7_CAMPBELL_PK_aerial.png,7_CAMPBELL_PK.jpg
10,CENTRAL ST,44-F-8,"10  CENTRAL ST, SOMERVILLE, MA",0.0,0.0,0.0,10_CENTRAL_ST_aerial.png,10_CENTRAL_ST.jpg
10,PEARL ST PL,90-G-41,"10  PEARL ST PL, SOMERVILLE, MA",0.0,0.0,0.0,10_PEARL_ST_PL_aerial.png,10_PEARL_ST_PL.jpg
11,CROCKER ST,35-C-7,"11  CROCKER ST, SOMERVILLE, MA",0.0,0.0,0.0,11_CROCKER_ST_aerial.png,11_CROCKER_ST.jpg
11,FREMONT AVE,75-C-5,"11  FREMONT AVE, SOMERVILLE, MA",0.0,0.0,0.0,11_FREMONT_AVE_aerial.png,11_FREMONT_AVE.jpg
11,SANBORN AVE,73-B-13,"11  SANBORN AVE, SOMERVILLE, MA",0.0,0.0,0.0,11_SANBORN_AVE_aerial.png,11_SANBORN_AVE.jpg
13,SKEHAN ST,54-B-6,"13  SKEHAN ST, SOMERVILLE, MA",0.0,0.0,0.0,13_SKEHAN_ST_aerial.png,13_SKEHAN_ST.jpg
15,QUINCY ST,63-B-25,"15  QUINCY ST, SOMERVILLE, MA",0.0,0.0,0.0,15_QUINCY_ST_aerial.png,15_QUINCY_ST.jpg
17,LANGMAID AVE,58-C-12,"17  LANGMAID AVE, SOMERVILLE, MA",0.0,0.0,0.0,17_LANGMAID_AVE_aerial.png,17_LANGMAID_AVE.jpg
17,SPENCER AVE,29-D-23,"17  SPENCER AVE, SOMERVILLE, MA",0.0,0.0,0.0,17_SPENCER_AVE_aerial.png,17_SPENCER_AVE.jpg
19,HINCKLEY ST,32-L-9,"19  HINCKLEY ST, SOMERVILLE, MA",0.0,0.0,0.0,19_HINCKLEY_ST_aerial.png,19_HINCKLEY_ST.jpg
19,LEONARD ST,15-D-1,"19  LEONARD ST, SOMERVILLE, MA",0.0,0.0,0.0,19_LEONARD_ST_aerial.png,19_LEONARD_ST.jpg
19,MOUNT PLEASANT ST,103-C-5,"19  MOUNT PLEASANT ST, SOMERVILLE, MA",0.0,0.0,0.0,19_MOUNT_PLEASANT_ST_aerial.png,19_MOUNT_PLEASANT_ST.jpg
20,WALDO AVE,66-C-13,"20  WALDO AVE, SOMERVILLE, MA",0.0,0.0,0.0,20_WALDO_AVE_aerial.png,20_WALDO_AVE.jpg
24,WESLEY ST,78-F-6,"24  WESLEY ST, SOMERVILLE, MA",0.0,0.0,0.0,24_WESLEY_ST_aerial.png,24_WESLEY_ST.jpg
27,AUTUMN ST,90-B-13,"27  AUTUMN ST, SOMERVILLE, MA",0.0,0.0,0.0,27_AUTUMN_ST_aerial.png,27_AUTUMN_ST.jpg
30,CALVIN ST,65-A-19,"30  CALVIN ST, SOMERVILLE, MA",0.0,0.0,0.0,30_CALVIN_ST_aerial.png,30_CALVIN_ST.jpg
39,MYRTLE ST,105-A-37,"39  MYRTLE ST, SOMERVILLE, MA",0.0,0.0,0.0,39_MYRTLE_ST_aerial.png,39_MYRTLE_ST.jpg
44,SYCAMORE ST,50-I-7,"44  SYCAMORE ST, SOMERVILLE, MA",0.0,0.0,0.0,44_SYCAMORE_ST_aerial.png,44_SYCAMORE_ST.jpg
57,SUMMER ST,62-A-40,"57  SUMMER ST, SOMERVILLE, MA",0.0,0.0,0.0,57_SUMMER_ST_aerial.png,57_SUMMER_ST.jpg
74,NEWTON ST,82-E-7,"74  NEWTON ST, SOMERVILLE, MA",0.0,0.0,0.0,74_NEWTON_ST_aerial.png,74_NEWTON_ST.jpg
76,FRANKLIN ST,104-E-6,"76  FRANKLIN ST, SOMERVILLE, MA",0.0,0.0,0.0,76_FRANKLIN_ST_aerial.png,76_FRANKLIN_ST.jpg
80,HEATH ST,58-E-1,"80  HEATH ST, SOMERVILLE, MA",0.0,0.0,0.0,80_HEATH_ST_aerial.png,80_HEATH_ST.jpg
86,BOSTON AVE,27-F-3,"86  BOSTON AVE, SOMERVILLE, MA",0.0,0.0,0.0,86_BOSTON_AVE_aerial.png,86_BOSTON_AVE.jpg
98,BELMONT ST,43-A-11,"98  BELMONT ST, SOMERVILLE, MA",0.0,0.0,0.0,98_BELMONT_ST_aerial.png,98_BELMONT_ST.jpg
142,MORRISON AVE,24-L-4,"142  MORRISON AVE, SOMERVILLE, MA",0.0,0.0,0.0,142_MORRISON_AVE_aerial.png,142_MORRISON_AVE.jpg
223,SOMERVILLE AVE,81-C-14,"223  SOMERVILLE AVE, SOMERVILLE, MA",0.0,0.0,0.0,223_SOMERVILLE_AVE_aerial.png,223_SOMERVILLE_AVE.jpg
10A,COTTAGE AVE,26-I-12,"10A  COTTAGE AVE, SOMERVILLE, MA",0.0,0.0,0.0,10A_COTTAGE_AVE_aerial.png,10A_COTTAGE_AVE.jpg
14A,PITMAN ST,44-H-5,"14A  PITMAN ST, SOMERVILLE, MA",0.0,0.0,0.0,14A_PITMAN_ST_aerial.png,14A_PITMAN_ST.jpg
